Title	Author	Star Rating	Review Count	Weeks on List
Beneath a Scarlet Sky	Mark Sullivan	4.7	26,771	30
The Woman in the Window	A. J. Finn	4.3	6,179	1
Milk and Honey	Rupi Kaur	4.6	6,647	6
Little Fires Everywhere	Celeste Ng	4.3	4,579	12
Origin	Dan Brown	4.2	9,851	17
Ready Player One	Ernest Cline	4.6	19,096	14
Artemis	Andy Weir	N/A	2,843	8
Not Perfect	Elizabeth LaBan	3.9	1,638	1
Before We Were Yours	Lisa Wingate	4.7	10,654	25
Sing, Unburied, Sing	Jesmyn Ward	4.2	N/A	1
I Am Watching You	Teresa Driscoll	4.5	10,366	10
Twist of Faith	Ellen J. Green	4.1	2,716	1
A Wrinkle in Time	Madeleine L'Engle	4.4	3,046	1
Harry Potter and the Sorcerer's Stone	J.K. Rowling	4.7	15,382	20
Tips for Living	Ren√©e Shafransky	4.3	1,988	1
The Handmaid's Tale	Margaret Atwood	4.1	15,354	28
The House at the Edge of Night	Catherine Banner	4.5	N/A	1
Dust	Patricia Cornwell	3.7	2,821	1
Pretty Girls Dancing	Kylie Brant	4.4	2,503	1
The Rooster Bar	John Grisham	3.8	5,249	13
The Woman in the Window	A. J. Finn	4.3	6,179	2
Beneath a Scarlet Sky	Mark Sullivan	4.7	26,771	31
Little Fires Everywhere	Celeste Ng	4.3	4,579	13
Before We Were Yours	Lisa Wingate	4.7	10,654	26
Milk and Honey	Rupi Kaur	4.6	6,647	7
Origin	Dan Brown	4.2	9,851	18
Ready Player One	Ernest Cline	4.6	19,096	15
I Am Watching You	Teresa Driscoll	4.5	10,366	11
The Handmaid's Tale	Margaret Atwood	4.1	15,354	29
A Wrinkle in Time	Madeleine L'Engle	4.4	3,046	2
Ricochet Joe [Kindle in Motion]	Dean Koontz	3.8	1,806	1
Harry Potter and the Sorcerer's Stone	J.K. Rowling	4.7	15,382	21
The Wife Between Us	Greer Hendricks & Sarah Pekkanen	4.2	2,979	1
Artemis	Andy Weir	N/A	2,843	9
Pretty Girls Dancing	Kylie Brant	4.4	2,503	2
Beware the Past	Joy Ellis	4.5	1,026	1
Flowers for Algernon	Daniel Keyes	4.7	1,874	1
The Rooster Bar	John Grisham	3.8	5,249	14
Killman Creek	Rachel Caine	4.7	2,673	2
Twist of Faith	Ellen J. Green	4.1	2,716	2
The Woman in the Window	A. J. Finn	4.3	6,179	3
Beneath a Scarlet Sky	Mark Sullivan	4.7	26,771	32
Little Fires Everywhere	Celeste Ng	4.3	4,579	14
Iron Gold	Pierce Brown	4.4	N/A	1
Before We Were Yours	Lisa Wingate	4.7	10,654	27
City of Endless Night	Douglas Preston, Lincoln Child	4.3	1,101	1
Ready Player One	Ernest Cline	4.6	19,096	16
The Black Book	James Patterson & David Ellis	4.6	2,145	1
I Am Watching You	Teresa Driscoll	4.5	10,366	12
Milk and Honey	Rupi Kaur	4.6	6,647	8
Origin	Dan Brown	4.2	9,851	19
The Wife Between Us	Greer Hendricks & Sarah Pekkanen	4.2	2,979	2
Sex, Not Love	Vi Keeland	4.7	N/A	1
The Handmaid's Tale	Margaret Atwood	4.1	15,354	30
Harry Potter and the Sorcerer's Stone	J.K. Rowling	4.7	15,382	22
Forever My Girl	Heidi McLaughlin	4.5	1,507	1
Beware the Past	Joy Ellis	4.5	1,026	2
A Wrinkle in Time	Madeleine L'Engle	4.4	3,046	3
Artemis	Andy Weir	N/A	2,843	10
Ricochet Joe [Kindle in Motion]	Dean Koontz	3.8	1,806	2
The Woman in the Window	A. J. Finn	4.3	6,179	4
Beneath a Scarlet Sky	Mark Sullivan	4.7	26,771	33
Ready Player One	Ernest Cline	4.6	19,096	17
Little Fires Everywhere	Celeste Ng	4.3	4,579	15
Before We Were Yours	Lisa Wingate	4.7	10,654	28
The Wife Between Us	Greer Hendricks & Sarah Pekkanen	4.2	2,979	3
I Am Watching You	Teresa Driscoll	4.5	10,366	13
Midnight Blue	L.J. Shen	4.7	1,698	1
The Left Hand of Darkness	Ursula K. Le Guin	4.2	N/A	1
Ryan's Bed	Tijan	4.8	1,156	1
Origin	Dan Brown	4.2	9,851	20
Milk and Honey	Rupi Kaur	4.6	6,647	9
Stillhouse Lake	Rachel Caine	4.5	11,449	9
A Wrinkle in Time	Madeleine L'Engle	4.4	3,046	4
16th Seduction	James Patterson & Maxine Paetro	4.5	2,389	5
The Hobbit	J.R.R. Tolkien	4.7	9,105	2
Harry Potter and the Sorcerer's Stone	J.K. Rowling	4.7	15,382	23
Beware the Past	Joy Ellis	4.5	1,026	3
Artemis	Andy Weir	N/A	2,843	11
Sex, Not Love	Vi Keeland	4.7	N/A	2
Dark in Death	J. D. Robb	4.5	1,617	1
The Woman in the Window	A. J. Finn	4.3	6,179	5
Before We Were Yours	Lisa Wingate	4.7	10,654	29
Little Fires Everywhere	Celeste Ng	4.3	4,579	16
Beneath a Scarlet Sky	Mark Sullivan	4.7	26,771	34
Ready Player One	Ernest Cline	4.6	19,096	18
Still Me	Jojo Moyes	4.7	1,369	1
The Wife Between Us	Greer Hendricks & Sarah Pekkanen	4.2	2,979	4
Midnight Blue	L.J. Shen	4.7	1,698	2
A Wrinkle in Time	Madeleine L'Engle	4.4	3,046	5
White Rose, Black Forest	Eoin Dempsey	4.6	4,403	1
Milk and Honey	Rupi Kaur	4.6	6,647	10
Origin	Dan Brown	4.2	9,851	21
Harry Potter and the Sorcerer's Stone	J.K. Rowling	4.7	15,382	24
Silent Victim	Caroline Mitchell	4.5	2,522	1
I Am Watching You	Teresa Driscoll	4.5	10,366	14
Risky Business	Nora Roberts	4.3	N/A	1
Three Wishes	Liane Moriarty	4.2	2,969	1
The Great Alone	Kristin Hannah	4.6	7,163	1
Beware the Past	Joy Ellis	4.5	1,026	4
The Great Alone	Kristin Hannah	4.6	7,163	2
An American Marriage	Tayari Jones	4.4	2,834	1
The Woman in the Window	A. J. Finn	4.3	6,179	6
The Alchemist	Paulo Coelho	4.6	12,560	1
Before We Were Yours	Lisa Wingate	4.7	10,654	30
Little Fires Everywhere	Celeste Ng	4.3	4,579	17
A Wrinkle in Time	Madeleine L'Engle	4.4	3,046	6
Ready Player One	Ernest Cline	4.6	19,096	19
White Rose, Black Forest	Eoin Dempsey	4.6	4,403	2
The Wife Between Us	Greer Hendricks & Sarah Pekkanen	4.2	2,979	5
Silent Victim	Caroline Mitchell	4.5	2,522	2
Still Me	Jojo Moyes	4.7	1,369	2
Llama Llama I Love You	Anna Dewdney	4.6	N/A	1
Beneath a Scarlet Sky	Mark Sullivan	4.7	26,771	35
Dark in Death	J. D. Robb	4.5	1,617	2
Origin	Dan Brown	4.2	9,851	22
Midnight Blue	L.J. Shen	4.7	1,698	3
Milk and Honey	Rupi Kaur	4.6	6,647	11
Harry Potter and the Sorcerer's Stone	J.K. Rowling	4.7	15,382	25
Zero Hour	Craig Alanson	4.5	N/A	1
The Great Alone	Kristin Hannah	4.6	7,163	3
A Wrinkle in Time	Madeleine L'Engle	4.4	3,046	7
The Woman in the Window	A. J. Finn	4.3	6,179	7
An American Marriage	Tayari Jones	4.4	2,834	2
Ready Player One	Ernest Cline	4.6	19,096	20
The Dispatcher	John Scalzi	4.4	N/A	1
Before We Were Yours	Lisa Wingate	4.7	10,654	31
Little Fires Everywhere	Celeste Ng	4.3	4,579	18
Night Moves	Jonathan Kellerman	4.3	N/A	1
The Wife Between Us	Greer Hendricks & Sarah Pekkanen	4.2	2,979	6
Beneath a Scarlet Sky	Mark Sullivan	4.7	26,771	36
Still Me	Jojo Moyes	4.7	1,369	3
Say You're Sorry	Melinda Leigh	4.4	6,165	6
White Rose, Black Forest	Eoin Dempsey	4.6	4,403	3
Red Sparrow	Jason Matthews	4.4	3,213	1
Unraveled	Helen Hardt	4.6	N/A	1
Harry Potter and the Sorcerer's Stone	J.K. Rowling	4.7	15,382	26
Origin	Dan Brown	4.2	9,851	23
Change of Fortune	Jana DeLeon	4.9	N/A	1
Milk and Honey	Rupi Kaur	4.6	6,647	12
A Wrinkle in Time	Madeleine L'Engle	4.4	3,046	8
The Great Alone	Kristin Hannah	4.6	7,163	4
Ready Player One	Ernest Cline	4.6	19,096	21
The Woman in the Window	A. J. Finn	4.3	6,179	8
An American Marriage	Tayari Jones	4.4	2,834	3
Before We Were Yours	Lisa Wingate	4.7	10,654	32
Say You're Sorry	Melinda Leigh	4.4	6,165	7
The Wife Between Us	Greer Hendricks & Sarah Pekkanen	4.2	2,979	7
Red Sparrow	Jason Matthews	4.4	3,213	2
The Tuscan Child	Rhys Bowen	4.3	4,228	1
Little Fires Everywhere	Celeste Ng	4.3	4,579	19
White Rose, Black Forest	Eoin Dempsey	4.6	4,403	4
Beneath a Scarlet Sky	Mark Sullivan	4.7	26,771	37
Agent in Place	Mark Greaney	4.6	N/A	1
The Last Tudor	Philippa Gregory	4.2	N/A	1
Gentleman Nine	Penelope Ward	4.5	N/A	1
Still Me	Jojo Moyes	4.7	1,369	4
Harry Potter and the Sorcerer's Stone	J.K. Rowling	4.7	15,382	27
Silent Victim	Caroline Mitchell	4.5	2,522	3
Origin	Dan Brown	4.2	9,851	24
A Wrinkle in Time	Madeleine L'Engle	4.4	3,046	9
The Great Alone	Kristin Hannah	4.6	7,163	5
Red Sparrow	Jason Matthews	4.4	3,213	3
Ready Player One	Ernest Cline	4.6	19,096	22
Little Fires Everywhere	Celeste Ng	4.3	4,579	20
The Woman in the Window	A. J. Finn	4.3	6,179	9
An American Marriage	Tayari Jones	4.4	2,834	4
Public Secrets	Nora Roberts	4.5	N/A	1
Before We Were Yours	Lisa Wingate	4.7	10,654	33
The Tuscan Child	Rhys Bowen	4.3	4,228	2
Say You're Sorry	Melinda Leigh	4.4	6,165	8
The Wife Between Us	Greer Hendricks & Sarah Pekkanen	4.2	2,979	8
True Fiction	Lee Goldberg	4.4	2,861	1
Reflections of Yesterday	Debbie Macomber	4.2	N/A	1
White Rose, Black Forest	Eoin Dempsey	4.6	4,403	5
The Handmaid's Tale	Margaret Atwood	4.1	15,354	31
One Last Time	Corinne Michaels	4.7	N/A	1
Beneath a Scarlet Sky	Mark Sullivan	4.7	26,771	38
Digging In	Loretta Nyhan	4.4	2,215	1
Silent Child	Sarah A. Denzil	4.3	5,119	5
A Wrinkle in Time	Madeleine L'Engle	4.4	3,046	10
The Great Alone	Kristin Hannah	4.6	7,163	6
I've Loved You Since Forever	Hoda Kotb	4.7	N/A	1
Red Sparrow	Jason Matthews	4.4	3,213	4
Ready Player One	Ernest Cline	4.6	19,096	23
Little Fires Everywhere	Celeste Ng	4.3	4,579	21
True Fiction	Lee Goldberg	4.4	2,861	2
The Escape Artist	Brad Meltzer	4.1	N/A	1
Say You're Sorry	Melinda Leigh	4.4	6,165	9
The Woman in the Window	A. J. Finn	4.3	6,179	10
An American Marriage	Tayari Jones	4.4	2,834	5
Children of Blood and Bone	Tomi Adeyemi	4.7	2,122	1
The Tuscan Child	Rhys Bowen	4.3	4,228	3
Before We Were Yours	Lisa Wingate	4.7	10,654	34
Digging In	Loretta Nyhan	4.4	2,215	2
Burn Bright	Patricia Briggs	4.7	1,027	1
Trespassing	Brandi Reeds	4.6	2,383	1
White Rose, Black Forest	Eoin Dempsey	4.6	4,403	6
Not Quite Crazy	Catherine Bybee	4.7	N/A	1
Beneath a Scarlet Sky	Mark Sullivan	4.7	26,771	39
Say You're Sorry	Melinda Leigh	4.4	6,165	10
A Wrinkle in Time	Madeleine L'Engle	4.4	3,046	11
A Day in the Life of Marlon Bundo	Jill Twiss, Marlon Bundo & EG Keller	4.9	8,675	1
The Great Alone	Kristin Hannah	4.6	7,163	7
Little Fires Everywhere	Celeste Ng	4.3	4,579	22
Ready Player One	Ernest Cline	4.6	19,096	24
Bones Don't Lie	Melinda Leigh	4.7	1,549	1
The Tuscan Child	Rhys Bowen	4.3	4,228	4
An American Marriage	Tayari Jones	4.4	2,834	6
The Woman in the Window	A. J. Finn	4.3	6,179	11
The Man from St. Petersburg	Ken Follett	4.2	N/A	1
Before We Were Yours	Lisa Wingate	4.7	10,654	35
True Fiction	Lee Goldberg	4.4	2,861	3
Charmed	Alexa Riley	4.4	N/A	1
Bone Music	Christopher Rice	4.3	1,859	1
White Rose, Black Forest	Eoin Dempsey	4.6	4,403	7
Beneath a Scarlet Sky	Mark Sullivan	4.7	26,771	40
Not Quite Crazy	Catherine Bybee	4.7	N/A	2
Red Sparrow	Jason Matthews	4.4	3,213	5
I Am Watching You	Teresa Driscoll	4.5	10,366	15
A Day in the Life of Marlon Bundo	Jill Twiss, Marlon Bundo & EG Keller	4.9	8,675	2
Say You're Sorry	Melinda Leigh	4.4	6,165	11
Ready Player One	Ernest Cline	4.6	19,096	25
The Great Alone	Kristin Hannah	4.6	7,163	8
Little Fires Everywhere	Celeste Ng	4.3	4,579	23
Shock Wave	Clive Cussler	4.5	N/A	1
Neverwhere	Neil Gaiman	4.5	2,560	2
The Tuscan Child	Rhys Bowen	4.3	4,228	5
True Fiction	Lee Goldberg	4.4	2,861	4
Bones Don't Lie	Melinda Leigh	4.7	1,549	2
Marlon Bundo's A Day in the Life of the Vice President	Charlotte Pence	4.5	N/A	1
A Wrinkle in Time	Madeleine L'Engle	4.4	3,046	12
An American Marriage	Tayari Jones	4.4	2,834	7
I Am Watching You	Teresa Driscoll	4.5	10,366	16
Llama Llama Easter Egg	Anna Dewdney	4.5	N/A	1
Before We Were Yours	Lisa Wingate	4.7	10,654	36
The Secret Mother	Shalini Boland	4.4	1,106	1
Digging In	Loretta Nyhan	4.4	2,215	3
White Rose, Black Forest	Eoin Dempsey	4.6	4,403	8
Her Last Goodbye	Melinda Leigh	4.7	1,724	1
A Day in the Life of Marlon Bundo	Jill Twiss, Marlon Bundo & EG Keller	4.9	8,675	3
Ready Player One	Ernest Cline	4.6	19,096	26
Say You're Sorry	Melinda Leigh	4.4	6,165	12
The Great Alone	Kristin Hannah	4.6	7,163	9
Little Fires Everywhere	Celeste Ng	4.3	4,579	24
True Fiction	Lee Goldberg	4.4	2,861	5
The Return of Rafe MacKade	Nora Roberts	4.5	N/A	1
The Disappeared	C. J. Box	4.5	N/A	1
The Tuscan Child	Rhys Bowen	4.3	4,228	6
Bones Don't Lie	Melinda Leigh	4.7	1,549	3
River's End	Nora Roberts	4.6	N/A	1
Before We Were Yours	Lisa Wingate	4.7	10,654	37
Her Last Goodbye	Melinda Leigh	4.7	1,724	2
Digging In	Loretta Nyhan	4.4	2,215	4
An American Marriage	Tayari Jones	4.4	2,834	8
I Am Watching You	Teresa Driscoll	4.5	10,366	17
Trespassing	Brandi Reeds	4.6	2,383	2
The Lion, the Witch and the Wardrobe	C.S. Lewis	4.7	1,856	1
A Wrinkle in Time	Madeleine L'Engle	4.4	3,046	13
Beneath a Scarlet Sky	Mark Sullivan	4.7	26,771	41
Ready Player One	Ernest Cline	4.6	19,096	27
When Never Comes	Barbara Davis	4.5	2,470	1
Say You're Sorry	Melinda Leigh	4.4	6,165	13
A Day in the Life of Marlon Bundo	Jill Twiss, Marlon Bundo & EG Keller	4.9	8,675	4
It Ends With Her	Brianna Labuskes	4.2	1,565	1
The Tuscan Child	Rhys Bowen	4.3	4,228	7
Little Fires Everywhere	Celeste Ng	4.3	4,579	25
The Great Alone	Kristin Hannah	4.6	7,163	10
Beneath a Scarlet Sky	Mark Sullivan	4.7	26,771	42
True Fiction	Lee Goldberg	4.4	2,861	6
Before We Were Yours	Lisa Wingate	4.7	10,654	38
Rock Chick Reborn	Kristen Ashley	4.7	N/A	1
Bones Don't Lie	Melinda Leigh	4.7	1,549	4
P.S. I Hate You	Winter Renshaw	4.4	N/A	1
An American Marriage	Tayari Jones	4.4	2,834	9
Digging In	Loretta Nyhan	4.4	2,215	5
Heat Lightning	John Sandford	4.5	N/A	1
Her Last Goodbye	Melinda Leigh	4.7	1,724	3
Harvesting the Heart	Jodi Picoult	3.9	N/A	1
Vegas Baby	Amy Brent	3.6	N/A	1
Say You're Sorry	Melinda Leigh	4.4	6,165	14
Ready Player One	Ernest Cline	4.6	19,096	28
Beneath a Scarlet Sky	Mark Sullivan	4.7	26,771	43
The Key to Rebecca	Ken Follett	4.3	N/A	1
Little Fires Everywhere	Celeste Ng	4.3	4,579	26
The Great Alone	Kristin Hannah	4.6	7,163	11
When Never Comes	Barbara Davis	4.5	2,470	2
The Fallen	David Baldacci	4.6	2,668	1
It Ends With Her	Brianna Labuskes	4.2	1,565	2
The Tuscan Child	Rhys Bowen	4.3	4,228	8
Before We Were Yours	Lisa Wingate	4.7	10,654	39
Wrapped In My Wife	Alexa Riley	4.5	N/A	1
Accidentally Married	R.R. Banks	4.4	N/A	1
Rebel Heir	Penelope Ward & Vi Keeland	4.5	N/A	1
True Fiction	Lee Goldberg	4.4	2,861	7
The End Zone	L.J. Shen	4.4	N/A	1
P.S. I Hate You	Winter Renshaw	4.4	N/A	2
Bones Don't Lie	Melinda Leigh	4.7	1,549	5
The Thief	J.R. Ward	4.7	N/A	1
After Anna	Lisa Scottoline	4.1	1,046	1
The Fallen	David Baldacci	4.6	2,668	2
Say You're Sorry	Melinda Leigh	4.4	6,165	15
Beneath a Scarlet Sky	Mark Sullivan	4.7	26,771	44
Little Fires Everywhere	Celeste Ng	4.3	4,579	27
Ready Player One	Ernest Cline	4.6	19,096	29
Dirty Deeds	Lauren Landish	4.5	N/A	1
When Never Comes	Barbara Davis	4.5	2,470	3
Accidentally Married	R.R. Banks	4.4	N/A	2
The Great Alone	Kristin Hannah	4.6	7,163	12
Birthday Girl	Penelope Douglas	4.6	N/A	1
Before We Were Yours	Lisa Wingate	4.7	10,654	40
Less	Andrew Sean Greer	3.7	1,676	1
The Tuscan Child	Rhys Bowen	4.3	4,228	9
It Ends With Her	Brianna Labuskes	4.2	1,565	3
Bones Don't Lie	Melinda Leigh	4.7	1,549	6
Just One Look	Harlan Coben	4.3	N/A	1
After Anna	Lisa Scottoline	4.1	1,046	2
The Last Thing She Ever Did	Gregg Olsen	4.2	1,199	1
The Child Next Door	Shalini Boland	N/A	N/A	1
Twisted Prey	John Sandford	4.7	1,802	1
Twisted Prey	John Sandford	4.7	1,802	2
The Fallen	David Baldacci	4.6	2,668	3
The Handmaid's Tale	Margaret Atwood	4.1	15,354	32
Say You're Sorry	Melinda Leigh	4.4	6,165	16
When Never Comes	Barbara Davis	4.5	2,470	4
Little Fires Everywhere	Celeste Ng	4.3	4,579	28
Beneath a Scarlet Sky	Mark Sullivan	4.7	26,771	45
The Great Alone	Kristin Hannah	4.6	7,163	13
Ready Player One	Ernest Cline	4.6	19,096	30
The Hardest Fall	Ella Maise	4.5	N/A	1
Crazy Rich Asians	Kevin Kwan	4.2	3,755	1
The Hellfire Club	Jake Tapper	N/A	N/A	1
I Dare You	Ilsa Madden-Mills	4.4	N/A	1
Before We Were Yours	Lisa Wingate	4.7	10,654	41
Accidentally Married	R.R. Banks	4.4	N/A	3
Only a Millionaire	J. S. Scott	4.6	N/A	1
It Ends With Her	Brianna Labuskes	4.2	1,565	4
Because I Love You	Amy Brent	3.9	N/A	1
The Beach House	Mary Alice Monroe	4.6	2,903	1
Giving Her My Baby	Alexa Riley	4.5	N/A	1
The 17th Suspect	James Patterson & Maxine Paetro	4.4	1,293	1
The Fallen	David Baldacci	4.6	2,668	4
The Handmaid's Tale	Margaret Atwood	4.1	15,354	33
A Court of Frost and Starlight	Sarah J. Maas	3.9	1,318	1
I Dare You	Ilsa Madden-Mills	4.4	N/A	2
The Burning Maze	Rick Riordan	4.7	N/A	1
Twisted Prey	John Sandford	4.7	1,802	3
Matchmaking for Beginners	Maddie Dawson	4.6	3,649	1
Lies That Bind Us	Andrew Hart	4.1	2,150	1
Ready Player One	Ernest Cline	4.6	19,096	31
Norse Mythology	Neil Gaiman	4.4	2,052	1
The Great Alone	Kristin Hannah	4.6	7,163	14
Little Fires Everywhere	Celeste Ng	4.3	4,579	29
When Never Comes	Barbara Davis	4.5	2,470	5
Before We Were Yours	Lisa Wingate	4.7	10,654	42
Say You're Sorry	Melinda Leigh	4.4	6,165	17
Harry Potter and the Sorcerer's Stone	J.K. Rowling	4.7	15,382	28
The Secret, Book & Scone Society	Ellery Adams	4.5	N/A	1
Worth Dying For	Lee Child	4.5	2,498	1
The Hardest Fall	Ella Maise	4.5	N/A	2
The Handmaid's Tale	Margaret Atwood	4.1	15,354	34
The Fallen	David Baldacci	4.6	2,668	5
Norse Mythology	Neil Gaiman	4.4	2,052	2
The 17th Suspect	James Patterson & Maxine Paetro	4.4	1,293	2
Little Fires Everywhere	Celeste Ng	4.3	4,579	30
Twisted Prey	John Sandford	4.7	1,802	4
Matchmaking for Beginners	Maddie Dawson	4.6	3,649	2
Lies That Bind Us	Andrew Hart	4.1	2,150	2
I Dare You	Ilsa Madden-Mills	4.4	N/A	3
The Great Alone	Kristin Hannah	4.6	7,163	15
Ready Player One	Ernest Cline	4.6	19,096	32
Before We Were Yours	Lisa Wingate	4.7	10,654	43
Harry Potter and the Sorcerer's Stone	J.K. Rowling	4.7	15,382	29
Say You're Sorry	Melinda Leigh	4.4	6,165	18
When Never Comes	Barbara Davis	4.5	2,470	6
Oh, the Places You'll Go	Dr. Seuss	4.8	4,729	6
The Hellfire Club	Jake Tapper	N/A	N/A	2
The Song of Achilles	Madeline Miller	4.4	2,689	1
The Hardest Fall	Ella Maise	4.5	N/A	3
Beneath a Scarlet Sky	Mark Sullivan	4.7	26,771	46
The Wife Between Us	Greer Hendricks & Sarah Pekkanen	4.2	2,979	9
The Handmaid's Tale	Margaret Atwood	4.1	15,354	35
The Fallen	David Baldacci	4.6	2,668	6
The Outsider	Stephen King	4.4	4,188	1
Little Fires Everywhere	Celeste Ng	4.3	4,579	31
Sheltered	Alexa Riley	4.5	N/A	1
Oh, the Places You'll Go	Dr. Seuss	4.8	4,729	7
The 17th Suspect	James Patterson & Maxine Paetro	4.4	1,293	3
The Great Alone	Kristin Hannah	4.6	7,163	16
Before We Were Yours	Lisa Wingate	4.7	10,654	44
Harry Potter and the Sorcerer's Stone	J.K. Rowling	4.7	15,382	30
War Storm	Victoria Aveyard	3.8	N/A	1
Ready Player One	Ernest Cline	4.6	19,096	33
I Dare You	Ilsa Madden-Mills	4.4	N/A	4
Girl Last Seen	Nina Laurin	N/A	N/A	1
Say You're Sorry	Melinda Leigh	4.4	6,165	19
Matchmaking for Beginners	Maddie Dawson	4.6	3,649	3
Lies That Bind Us	Andrew Hart	4.1	2,150	3
Norse Mythology	Neil Gaiman	4.4	2,052	3
When Never Comes	Barbara Davis	4.5	2,470	7
The Outsider	Stephen King	4.4	4,188	2
The Handmaid's Tale	Margaret Atwood	4.1	15,354	36
The Alice Network	Kate Quinn	4.7	3,279	2
Little Fires Everywhere	Celeste Ng	4.3	4,579	32
Beneath a Scarlet Sky	Mark Sullivan	4.7	26,771	47
The Fallen	David Baldacci	4.6	2,668	7
Before We Were Yours	Lisa Wingate	4.7	10,654	45
The Great Alone	Kristin Hannah	4.6	7,163	17
Fall of Giants	Ken Follett	4.5	7,566	1
The Mistake	K.L. Slater	4.1	N/A	1
Harry Potter and the Sorcerer's Stone	J.K. Rowling	4.7	15,382	31
Oh, the Places You'll Go	Dr. Seuss	4.8	4,729	8
The Red Ledger: 1	Meredith Wild	N/A	N/A	1
Ready Player One	Ernest Cline	4.6	19,096	34
The 17th Suspect	James Patterson & Maxine Paetro	4.4	1,293	4
Sheltered	Alexa Riley	4.5	N/A	2
Matchmaking for Beginners	Maddie Dawson	4.6	3,649	4
Marriage of Inconvenience	Debbie Macomber	4.1	N/A	1
The Hideaway	Lauren K. Denton	4.5	3,228	8
Buried Prey	John Sandford	4.6	N/A	1
The Outsider	Stephen King	4.4	4,188	3
Shelter in Place	Nora Roberts	4.7	1,746	1
The President Is Missing	Bill Clinton & James Patterson	4.3	6,665	1
The Handmaid's Tale	Margaret Atwood	4.1	15,354	37
Little Fires Everywhere	Celeste Ng	4.3	4,579	33
Matchmaking for Beginners	Maddie Dawson	4.6	3,649	5
The Thinnest Air	Minka Kent	4.1	2,396	1
Lies That Bind Us	Andrew Hart	4.1	2,150	4
The Fallen	David Baldacci	4.6	2,668	8
The Great Alone	Kristin Hannah	4.6	7,163	18
Before We Were Yours	Lisa Wingate	4.7	10,654	46
Harry Potter and the Sorcerer's Stone	J.K. Rowling	4.7	15,382	32
The Butterfly Garden	Dot Hutchison	4.3	16,094	1
The Heart of Devin MacKade	Nora Roberts	4.6	N/A	1
Beneath a Scarlet Sky	Mark Sullivan	4.7	26,771	48
The Tuscan Child	Rhys Bowen	4.3	4,228	10
The Hideaway	Lauren K. Denton	4.5	3,228	9
The Death of Mrs. Westaway	Ruth Ware	4.1	N/A	1
Less	Andrew Sean Greer	3.7	1,676	2
Ready Player One	Ernest Cline	4.6	19,096	35
The President Is Missing	Bill Clinton & James Patterson	4.3	6,665	2
The Outsider	Stephen King	4.4	4,188	4
Something in the Water	Catherine Steadman	3.8	1,262	1
The Thinnest Air	Minka Kent	4.1	2,396	2
The Handmaid's Tale	Margaret Atwood	4.1	15,354	38
Shelter in Place	Nora Roberts	4.7	1,746	2
Little Fires Everywhere	Celeste Ng	4.3	4,579	34
The Tuscan Child	Rhys Bowen	4.3	4,228	11
The Singularity Trap	Dennis E. Taylor	4.3	N/A	1
Brief Cases	Jim Butcher	4.7	N/A	1
Takeoff	Joseph Reid	4.3	1,911	1
Matchmaking for Beginners	Maddie Dawson	4.6	3,649	6
Harry Potter and the Sorcerer's Stone	J.K. Rowling	4.7	15,382	33
Before We Were Yours	Lisa Wingate	4.7	10,654	47
After the Funeral	Agatha Christie	4.5	N/A	1
The Great Alone	Kristin Hannah	4.6	7,163	19
The Fallen	David Baldacci	4.6	2,668	9
Pretty Girl	Alexa Riley	4.6	N/A	1
When Life Gives You Lululemons	Lauren Weisberger	4.2	N/A	1
Less	Andrew Sean Greer	3.7	1,676	3
The President Is Missing	Bill Clinton & James Patterson	4.3	6,665	3
The Outsider	Stephen King	4.4	4,188	5
Something in the Water	Catherine Steadman	3.8	1,262	2
The Handmaid's Tale	Margaret Atwood	4.1	15,354	39
Before the Storm	Christie Golden	4.2	N/A	1
Little Fires Everywhere	Celeste Ng	4.3	4,579	35
The Thinnest Air	Minka Kent	4.1	2,396	3
Shelter in Place	Nora Roberts	4.7	1,746	3
The Tuscan Child	Rhys Bowen	4.3	4,228	12
Harry Potter and the Sorcerer's Stone	J.K. Rowling	4.7	15,382	34
The Perfect Mother	Aimee Molloy	3.8	N/A	1
Before We Were Yours	Lisa Wingate	4.7	10,654	48
The Death of Mrs. Westaway	Ruth Ware	4.1	N/A	2
Matchmaking for Beginners	Maddie Dawson	4.6	3,649	7
Just Me and My Dad	Mercer Mayer	4.8	1,179	1
The Great Alone	Kristin Hannah	4.6	7,163	20
Less	Andrew Sean Greer	3.7	1,676	4
Beneath a Scarlet Sky	Mark Sullivan	4.7	26,771	49
Tom Clancy Line of Sight	Mike Maden	3.7	N/A	1
The Fallen	David Baldacci	4.6	2,668	10
The President Is Missing	Bill Clinton & James Patterson	4.3	6,665	4
The Outsider	Stephen King	4.4	4,188	6
Something in the Water	Catherine Steadman	3.8	1,262	3
The Perfect Couple	Elin Hilderbrand	4.2	1,036	1
The Fallen	David Baldacci	4.6	2,668	11
Year One	Nora Roberts	4.5	3,473	5
The Handmaid's Tale	Margaret Atwood	4.1	15,354	40
My Sister's Grave	Robert Dugoni	4.4	15,581	1
Circe	Madeline Miller	4.6	1,831	1
Now You See Her	James Patterson, Michael Ledwidge	4.4	N/A	1
Little Fires Everywhere	Celeste Ng	4.3	4,579	36
The Tuscan Child	Rhys Bowen	4.3	4,228	13
The Thinnest Air	Minka Kent	4.1	2,396	4
Flood Tide	Clive Cussler	4.6	N/A	1
Harry Potter and the Sorcerer's Stone	J.K. Rowling	4.7	15,382	35
Shelter in Place	Nora Roberts	4.7	1,746	4
A Merciful Silence	Kendra Elliot	4.8	N/A	1
Before We Were Yours	Lisa Wingate	4.7	10,654	49
Gracie's Secret	Jill Childs	3.9	N/A	1
White Lace and Promises	Debbie Macomber	4.1	N/A	1
The Woman in the Window	A. J. Finn	4.3	6,179	12
The President Is Missing	Bill Clinton & James Patterson	4.3	6,665	5
Something in the Water	Catherine Steadman	3.8	1,262	4
The Outsider	Stephen King	4.4	4,188	7
All We Ever Wanted	Emily Giffin	4.1	1,175	1
The Handmaid's Tale	Margaret Atwood	4.1	15,354	41
The Perfect Couple	Elin Hilderbrand	4.2	1,036	2
The Thinnest Air	Minka Kent	4.1	2,396	5
Gracie's Secret	Jill Childs	3.9	N/A	2
Little Fires Everywhere	Celeste Ng	4.3	4,579	37
The Tuscan Child	Rhys Bowen	4.3	4,228	14
Harry Potter and the Sorcerer's Stone	J.K. Rowling	4.7	15,382	36
A Steep Price	Robert Dugoni	4.7	1,314	1
The Hate U Give	Angie Thomas	4.8	3,596	3
Less	Andrew Sean Greer	3.7	1,676	5
When Life Gives You Lululemons	Lauren Weisberger	4.2	N/A	2
The Great Alone	Kristin Hannah	4.6	7,163	21
Before We Were Yours	Lisa Wingate	4.7	10,654	50
Takeoff	Joseph Reid	4.3	1,911	2
Children of Blood and Bone	Tomi Adeyemi	4.7	2,122	2
The President Is Missing	Bill Clinton & James Patterson	4.3	6,665	6
Something in the Water	Catherine Steadman	3.8	1,262	5
The Handmaid's Tale	Margaret Atwood	4.1	15,354	42
The Outsider	Stephen King	4.4	4,188	8
All We Ever Wanted	Emily Giffin	4.1	1,175	2
The Perfect Couple	Elin Hilderbrand	4.2	1,036	3
A Killer's Mind	Mike Omer	4.6	5,375	1
Spymaster	Brad Thor	4.6	N/A	1
Neverwhere	Neil Gaiman	4.5	2,560	3
Gracie's Secret	Jill Childs	3.9	N/A	3
Sharp Objects	Gillian Flynn	4.2	7,811	1
Whisper Me This	Kerry Anne King	4.5	2,845	1
Harry Potter and the Sorcerer's Stone	J.K. Rowling	4.7	15,382	37
The King Tides	James Swain	4.3	1,896	1
Little Fires Everywhere	Celeste Ng	4.3	4,579	38
Next Year in Havana	Chanel Cleeton	4.4	N/A	1
The Thinnest Air	Minka Kent	4.1	2,396	6
A Steep Price	Robert Dugoni	4.7	1,314	2
The Woman in the Window	A. J. Finn	4.3	6,179	13
Jurassic Park	Michael Crichton	4.6	2,053	1
The President Is Missing	Bill Clinton & James Patterson	4.3	6,665	7
Sharp Objects	Gillian Flynn	4.2	7,811	2
The Handmaid's Tale	Margaret Atwood	4.1	15,354	43
Something in the Water	Catherine Steadman	3.8	1,262	6
The Outsider	Stephen King	4.4	4,188	9
The Perfect Couple	Elin Hilderbrand	4.2	1,036	4
All We Ever Wanted	Emily Giffin	4.1	1,175	3
Harry Potter and the Sorcerer's Stone	J.K. Rowling	4.7	15,382	38
Andrea Vernon and the Corporation for UltraHuman Protection	Alexander C. Kane	4.5	N/A	1
A Killer's Mind	Mike Omer	4.6	5,375	2
Spymaster	Brad Thor	4.6	N/A	2
Gracie's Secret	Jill Childs	3.9	N/A	4
Little Fires Everywhere	Celeste Ng	4.3	4,579	39
Single Malt Murder	Melinda Mullet	4.3	N/A	1
Whisper Me This	Kerry Anne King	4.5	2,845	2
When Life Gives You Lululemons	Lauren Weisberger	4.2	N/A	3
Before We Were Yours	Lisa Wingate	4.7	10,654	51
Crazy Rich Asians	Kevin Kwan	4.2	3,755	2
The Hate U Give	Angie Thomas	4.8	3,596	4
The Other Woman	Daniel Silva	4.4	1,969	1
The Other Woman	Daniel Silva	4.4	1,969	2
The President Is Missing	Bill Clinton & James Patterson	4.3	6,665	8
Something in the Water	Catherine Steadman	3.8	1,262	7
The Outsider	Stephen King	4.4	4,188	10
The Handmaid's Tale	Margaret Atwood	4.1	15,354	44
Sharp Objects	Gillian Flynn	4.2	7,811	3
A Killer's Mind	Mike Omer	4.6	5,375	3
Harry Potter and the Sorcerer's Stone	J.K. Rowling	4.7	15,382	39
Whisper Me This	Kerry Anne King	4.5	2,845	3
The Perfect Couple	Elin Hilderbrand	4.2	1,036	5
Little Fires Everywhere	Celeste Ng	4.3	4,579	40
Gracie's Secret	Jill Childs	3.9	N/A	5
All We Ever Wanted	Emily Giffin	4.1	1,175	4
The King Tides	James Swain	4.3	1,896	2
Before We Were Yours	Lisa Wingate	4.7	10,654	52
Crazy Rich Asians	Kevin Kwan	4.2	3,755	3
The Great Alone	Kristin Hannah	4.6	7,163	22
Spymaster	Brad Thor	4.6	N/A	3
What If Everybody Said That?	Ellen Javernick & Colleen Madden	4.2	N/A	1
Eleanor Oliphant Is Completely Fine	Gail Honeyman	4.6	5,657	1
The President Is Missing	Bill Clinton & James Patterson	4.3	6,665	9
A Killer's Mind	Mike Omer	4.6	5,375	4
The Handmaid's Tale	Margaret Atwood	4.1	15,354	45
Sharp Objects	Gillian Flynn	4.2	7,811	4
The Other Woman	Daniel Silva	4.4	1,969	3
Something in the Water	Catherine Steadman	3.8	1,262	8
Whisper Me This	Kerry Anne King	4.5	2,845	4
Crazy Rich Asians	Kevin Kwan	4.2	3,755	4
Harry Potter and the Sorcerer's Stone	J.K. Rowling	4.7	15,382	40
Snow Crash	Neal Stephenson	4.1	1,624	1
Thrawn: Alliances	Timothy Zahn	4.3	N/A	1
The Outsider	Stephen King	4.4	4,188	11
Two Weeks Notice	Whitney G.	4.4	1,227	1
The King Tides	James Swain	4.3	1,896	3
Pachinko	Min Jin Lee	4.5	2,724	1
His Banana	Penelope Bloom	4.5	1,197	1
Little Fires Everywhere	Celeste Ng	4.3	4,579	41
Ready Player One	Ernest Cline	4.6	19,096	36
Gracie's Secret	Jill Childs	3.9	N/A	6
The Naked Truth	Vi Keeland	4.5	N/A	1
Origin	Dan Brown	4.2	9,851	25
Two Weeks Notice	Whitney G.	4.4	1,227	2
Crazy Rich Asians	Kevin Kwan	4.2	3,755	5
A Killer's Mind	Mike Omer	4.6	5,375	5
The President Is Missing	Bill Clinton & James Patterson	4.3	6,665	10
Sharp Objects	Gillian Flynn	4.2	7,811	5
The Handmaid's Tale	Margaret Atwood	4.1	15,354	46
Harry Potter and the Sorcerer's Stone	J.K. Rowling	4.7	15,382	41
Something in the Water	Catherine Steadman	3.8	1,262	9
Whisper Me This	Kerry Anne King	4.5	2,845	5
The Other Woman	Daniel Silva	4.4	1,969	4
I Will Never Leave You	S. M. Thayer	3.5	1,469	1
The Outsider	Stephen King	4.4	4,188	12
His Banana	Penelope Bloom	4.5	1,197	2
The King Tides	James Swain	4.3	1,896	4
Still Not Over You	Nicole Snow	4.3	N/A	1
Reel of Fortune	Jana DeLeon	4.9	N/A	1
Paradox	Catherine Coulter	4.7	N/A	1
Eleanor Oliphant Is Completely Fine	Gail Honeyman	4.6	5,657	2
Ready Player One	Ernest Cline	4.6	19,096	37
Crazy Rich Asians	Kevin Kwan	4.2	3,755	6
Two Weeks Notice	Whitney G.	4.4	1,227	3
A Killer's Mind	Mike Omer	4.6	5,375	6
Sharp Objects	Gillian Flynn	4.2	7,811	6
The President Is Missing	Bill Clinton & James Patterson	4.3	6,665	11
Harry Potter and the Sorcerer's Stone	J.K. Rowling	4.7	15,382	42
The Handmaid's Tale	Margaret Atwood	4.1	15,354	47
The Outsider	Stephen King	4.4	4,188	13
Whisper Me This	Kerry Anne King	4.5	2,845	6
An American Marriage	Tayari Jones	4.4	2,834	10
Tailspin	Sandra Brown	4.3	N/A	1
Something in the Water	Catherine Steadman	3.8	1,262	10
His Banana	Penelope Bloom	4.5	1,197	3
I Will Never Leave You	S. M. Thayer	3.5	1,469	2
The Other Woman	Daniel Silva	4.4	1,969	5
1984	George Orwell	4.4	4,385	3
The Storyteller's Secret	Sejal Badani	4.7	7,603	1
China Rich Girlfriend	Kevin Kwan	4.4	1,579	1
Nanny and the Beast	Georgia Le Carre	4.4	N/A	1
Eleanor Oliphant Is Completely Fine	Gail Honeyman	4.6	5,657	3
Crazy Rich Asians	Kevin Kwan	4.2	3,755	7
China Rich Girlfriend	Kevin Kwan	4.4	1,579	2
Invisible	David Ellis & James Patterson	4.4	3,038	1
Two Weeks Notice	Whitney G.	4.4	1,227	4
Not So Nice Guy	R.S. Grey	4.6	N/A	1
Texas Ranger	James Patterson	3.9	N/A	1
Sharp Objects	Gillian Flynn	4.2	7,811	7
Less	Andrew Sean Greer	3.7	1,676	6
The President Is Missing	Bill Clinton & James Patterson	4.3	6,665	12
Rich People Problems	Kevin Kwan	4.6	1,204	1
A Killer's Mind	Mike Omer	4.6	5,375	7
Harry Potter and the Sorcerer's Stone	J.K. Rowling	4.7	15,382	43
What Alice Forgot	Liane Moriarty	4.4	8,746	1
The Handmaid's Tale	Margaret Atwood	4.1	15,354	48
The Sometimes Sisters	Carolyn Brown	4.4	1,822	1
The Outsider	Stephen King	4.4	4,188	14
An American Marriage	Tayari Jones	4.4	2,834	11
A Case of Need	Michael Crichton	3.9	1,975	1
Whisper Me This	Kerry Anne King	4.5	2,845	7
Eleanor Oliphant Is Completely Fine	Gail Honeyman	4.6	5,657	4
Crazy Rich Asians	Kevin Kwan	4.2	3,755	8
The Hunt for Red October	Tom Clancy	4.6	1,065	1
China Rich Girlfriend	Kevin Kwan	4.4	1,579	3
To All the Boys I've Loved Before	Jenny Han	4.6	1,275	1
Rich People Problems	Kevin Kwan	4.6	1,204	2
Small Great Things	Jodi Picoult	4.7	8,439	1
P.S. I Still Love You	Jenny Han	4.7	N/A	1
Sharp Objects	Gillian Flynn	4.2	7,811	8
Year One	Nora Roberts	4.5	3,473	6
Two Weeks Notice	Whitney G.	4.4	1,227	5
Harry Potter and the Sorcerer's Stone	J.K. Rowling	4.7	15,382	44
Not So Nice Guy	R.S. Grey	4.6	N/A	2
Pieces of Her	Karin Slaughter	3.7	N/A	1
The Tuscan Child	Rhys Bowen	4.3	4,228	15
Always and Forever, Lara Jean	Jenny Han	4.6	N/A	1
A Case of Need	Michael Crichton	3.9	1,975	2
A Killer's Mind	Mike Omer	4.6	5,375	8
The Storyteller's Secret	Sejal Badani	4.7	7,603	2
Texas Ranger	James Patterson	3.9	N/A	2
The President Is Missing	Bill Clinton & James Patterson	4.3	6,665	13
Crazy Rich Asians	Kevin Kwan	4.2	3,755	9
Sharp Objects	Gillian Flynn	4.2	7,811	9
China Rich Girlfriend	Kevin Kwan	4.4	1,579	4
To All the Boys I've Loved Before	Jenny Han	4.6	1,275	2
Dog Man	Dav Pilkey	4.9	N/A	1
Her Mother's Grave	Lisa Regan	4.8	N/A	1
Rich People Problems	Kevin Kwan	4.6	1,204	3
Crew	Tijan	4.4	N/A	1
The Storyteller's Secret	Sejal Badani	4.7	7,603	3
Harry Potter and the Sorcerer's Stone	J.K. Rowling	4.7	15,382	45
P.S. I Still Love You	Jenny Han	4.7	N/A	2
A Case of Need	Michael Crichton	3.9	1,975	3
Two Weeks Notice	Whitney G.	4.4	1,227	6
Her Cherry	Penelope Bloom	4.6	1,219	1
A Killer's Mind	Mike Omer	4.6	5,375	9
Magic Triumphs	Ilona Andrews	4.8	N/A	1
Always and Forever, Lara Jean	Jenny Han	4.6	N/A	2
The President Is Missing	Bill Clinton & James Patterson	4.3	6,665	14
Not So Nice Guy	R.S. Grey	4.6	N/A	3
The Affair	Lee Child	4.5	2,735	1
Crazy Rich Asians	Kevin Kwan	4.2	3,755	10
Leverage in Death	J. D. Robb	4.8	1,434	1
China Rich Girlfriend	Kevin Kwan	4.4	1,579	5
What Have You Done	Matthew Farrell	4.3	2,762	1
Her Cherry	Penelope Bloom	4.6	1,219	2
Where the Crawdads Sing	Delia Owens	4.8	21,937	1
The Extraordinary Life of Sam Hell	Robert Dugoni	4.7	3,469	1
Harry Potter and the Sorcerer's Stone	J.K. Rowling	4.7	15,382	46
Rich People Problems	Kevin Kwan	4.6	1,204	4
The Ragged Edge of Night	Olivia Hawker	4.5	3,466	1
The Storyteller's Secret	Sejal Badani	4.7	7,603	4
A Case of Need	Michael Crichton	3.9	1,975	4
Dog Man	Dav Pilkey	4.9	N/A	2
Sharp Objects	Gillian Flynn	4.2	7,811	10
Heart-Shaped Box	Joe Hill	4.3	2,022	1
To All the Boys I've Loved Before	Jenny Han	4.6	1,275	3
Dirty Headlines	LJ Shen	4.7	1,247	1
We Were Mothers	Katie Sise	4.1	N/A	1
A Killer's Mind	Mike Omer	4.6	5,375	10
The President Is Missing	Bill Clinton & James Patterson	4.3	6,665	15
The Wonky Donkey	Craig Smith & Katz Cowley 	4.7	6,222	1
Crazy Rich Asians	Kevin Kwan	4.2	3,755	11
Juror #3	James Patterson	4.2	N/A	1
Where the Crawdads Sing	Delia Owens	4.8	21,937	2
Her Cherry	Penelope Bloom	4.6	1,219	3
Dirty Headlines	LJ Shen	4.7	1,247	2
Down the River unto the Sea	Walter Mosley	4.3	N/A	1
The Storyteller's Secret	Sejal Badani	4.7	7,603	5
China Rich Girlfriend	Kevin Kwan	4.4	1,579	6
Harry Potter and the Sorcerer's Stone	J.K. Rowling	4.7	15,382	47
What Have You Done	Matthew Farrell	4.3	2,762	2
Tailspin	Sandra Brown	4.3	N/A	2
Lethal White	Robert Galbraith	4.5	1,591	1
Leverage in Death	J. D. Robb	4.8	1,434	2
A Case of Need	Michael Crichton	3.9	1,975	5
Rich People Problems	Kevin Kwan	4.6	1,204	5
Dog Man	Dav Pilkey	4.9	N/A	3
A Simple Favor	Darcey Bell	3.3	N/A	1
Sharp Objects	Gillian Flynn	4.2	7,811	11
Shadow Tyrants	Boyd Morrison & Clive Cussler	4.6	N/A	1
The Wonky Donkey	Craig Smith & Katz Cowley 	4.7	6,222	2
Lethal White	Robert Galbraith	4.5	1,591	2
Where the Crawdads Sing	Delia Owens	4.8	21,937	3
Origin	Dan Brown	4.2	9,851	26
Crazy Rich Asians	Kevin Kwan	4.2	3,755	12
Juror #3	James Patterson	4.2	N/A	2
What I've Done	Melinda Leigh	4.7	1,031	1
Dirty Headlines	LJ Shen	4.7	1,247	3
The Storyteller's Secret	Sejal Badani	4.7	7,603	6
Harry Potter and the Sorcerer's Stone	J.K. Rowling	4.7	15,382	48
Time's Convert	Deborah Harkness	4.3	N/A	1
China Rich Girlfriend	Kevin Kwan	4.4	1,579	7
Night over Water	Ken Follett	4.2	N/A	1
Her Cherry	Penelope Bloom	4.6	1,219	4
What Have You Done	Matthew Farrell	4.3	2,762	3
A Case of Need	Michael Crichton	3.9	1,975	6
Rich People Problems	Kevin Kwan	4.6	1,204	6
Eleanor Oliphant Is Completely Fine	Gail Honeyman	4.6	5,657	5
PROM KING	Penny Wylder	4.1	N/A	1
The Handmaid's Tale	Margaret Atwood	4.1	15,354	49
The Wonky Donkey	Craig Smith & Katz Cowley 	4.7	6,222	3
Where the Crawdads Sing	Delia Owens	4.8	21,937	4
Red War	Kyle Mills & Vince Flynn	4.2	N/A	1
Lethal White	Robert Galbraith	4.5	1,591	3
What Have You Done	Matthew Farrell	4.3	2,762	4
Crazy Rich Asians	Kevin Kwan	4.2	3,755	13
Harry Potter and the Sorcerer's Stone	J.K. Rowling	4.7	15,382	49
The Ragged Edge of Night	Olivia Hawker	4.5	3,466	2
Juror #3	James Patterson	4.2	N/A	3
The Storyteller's Secret	Sejal Badani	4.7	7,603	7
Mavericks	Craig Alanson	4.6	N/A	1
What I've Done	Melinda Leigh	4.7	1,031	2
A Case of Need	Michael Crichton	3.9	1,975	7
A Nordic King	Karina Halle	4.6	N/A	1
Transcription	Kate Atkinson	3.4	N/A	1
Differently Morphous	Yahtzee Crowshaw	4.4	N/A	1
The Hate U Give	Angie Thomas	4.8	3,596	5
Eleanor Oliphant Is Completely Fine	Gail Honeyman	4.6	5,657	6
China Rich Girlfriend	Kevin Kwan	4.4	1,579	8
PROM KING	Penny Wylder	4.1	N/A	2
Where the Crawdads Sing	Delia Owens	4.8	21,937	5
A Spark of Light	Jodi Picoult	3.3	1,385	1
The Wonky Donkey	Craig Smith & Katz Cowley 	4.7	6,222	4
Lethal White	Robert Galbraith	4.5	1,591	4
The Cuckoo's Calling	Robert Galbraith	4.1	10,721	1
What Have You Done	Matthew Farrell	4.3	2,762	5
Red War	Kyle Mills & Vince Flynn	4.2	N/A	2
Daughters of the Lake	Wendy Webb	4.5	2,657	1
Harry Potter and the Sorcerer's Stone	J.K. Rowling	4.7	15,382	50
The Hate U Give	Angie Thomas	4.8	3,596	6
The Song of Achilles	Madeline Miller	4.4	2,689	2
Crazy Rich Asians	Kevin Kwan	4.2	3,755	14
The Storyteller's Secret	Sejal Badani	4.7	7,603	8
The Christmas Scorpion	Lee Child	3.2	N/A	1
A Nordic King	Karina Halle	4.6	N/A	2
Juror #3	James Patterson	4.2	N/A	4
What I've Done	Melinda Leigh	4.7	1,031	3
The Reckoning	John Grisham	3.8	5,542	1
River Bodies	Karen Katchur	4.2	N/A	1
The Ragged Edge of Night	Olivia Hawker	4.5	3,466	3
Holy Ghost	John Sandford	4.5	1,325	1
The Wonky Donkey	Craig Smith & Katz Cowley 	4.7	6,222	5
Where the Crawdads Sing	Delia Owens	4.8	21,937	6
The Witch Elm	Tana French	3.4	N/A	1
A Spark of Light	Jodi Picoult	3.3	1,385	2
The Christmas Scorpion	Lee Child	3.2	N/A	2
Two Kinds of Truth	Michael Connelly	4.7	3,176	8
Harry Potter and the Sorcerer's Stone	J.K. Rowling	4.7	15,382	51
The Hate U Give	Angie Thomas	4.8	3,596	7
What Have You Done	Matthew Farrell	4.3	2,762	6
The Next Person You Meet in Heaven	Mitch Albom	4.6	N/A	1
Every Breath	Nicholas Sparks	4.7	2,060	1
Ambush	James Patterson & James O. Born	4.3	N/A	1
Red War	Kyle Mills & Vince Flynn	4.2	N/A	3
Daughters of the Lake	Wendy Webb	4.5	2,657	2
Lethal White	Robert Galbraith	4.5	1,591	5
Bitten by the Beast	Alexa Riley	4.4	N/A	1
The Reckoning	John Grisham	3.8	5,542	2
The Storyteller's Secret	Sejal Badani	4.7	7,603	9
Crazy Rich Asians	Kevin Kwan	4.2	3,755	15
The President Is Missing	Bill Clinton & James Patterson	4.3	6,665	16
Every Breath	Nicholas Sparks	4.7	2,060	2
The Wonky Donkey	Craig Smith & Katz Cowley 	4.7	6,222	6
Where the Crawdads Sing	Delia Owens	4.8	21,937	7
The Reckoning	John Grisham	3.8	5,542	3
Ensnared	J. S. Scott	4.3	N/A	1
The Hate U Give	Angie Thomas	4.8	3,596	8
Holy Ghost	John Sandford	4.5	1,325	2
Steelheart	Brandon Sanderson	4.5	2,209	1
The Witch Elm	Tana French	3.4	N/A	2
Harry Potter and the Sorcerer's Stone	J.K. Rowling	4.7	15,382	52
A Spark of Light	Jodi Picoult	3.3	1,385	3
Unsheltered	Barbara Kingsolver	3.7	N/A	1
What Have You Done	Matthew Farrell	4.3	2,762	7
The Story of Arthur Truluv	Elizabeth Berg	4.7	N/A	1
Kingdom of Ash	Sarah J. Maas	4.8	1,817	1
The Storyteller's Secret	Sejal Badani	4.7	7,603	10
Nora Roberts Mystery Box Set	Nora Roberts	4.1	N/A	1
Lethal White	Robert Galbraith	4.5	1,591	6
Eleanor Oliphant Is Completely Fine	Gail Honeyman	4.6	5,657	7
The Reckoning	John Grisham	3.8	5,542	4
Kingdom of Ash	Sarah J. Maas	4.8	1,817	2
The Wonky Donkey	Craig Smith & Katz Cowley 	4.7	6,222	7
Where the Crawdads Sing	Delia Owens	4.8	21,937	8
Every Breath	Nicholas Sparks	4.7	2,060	3
The Hate U Give	Angie Thomas	4.8	3,596	9
Harry Potter and the Sorcerer's Stone	J.K. Rowling	4.7	15,382	53
Denim and Diamonds	Debbie Macomber	4.5	N/A	1
Close to the Bone	Kendra Elliot	4.3	N/A	1
Ensnared	J. S. Scott	4.3	N/A	2
The Haunting of Hill House	Shirley Jackson	3.9	1,203	1
The Girl With All the Gifts	M. R. Carey	4.3	2,804	1
Holy Ghost	John Sandford	4.5	1,325	3
Daughters of the Lake	Wendy Webb	4.5	2,657	3
Dark Sacred Night	Michael Connelly	4.5	2,339	1
His Treat	Penelope Bloom	4.5	N/A	1
A Spark of Light	Jodi Picoult	3.3	1,385	4
The President Is Missing	Bill Clinton & James Patterson	4.3	6,665	17
Unsheltered	Barbara Kingsolver	3.7	N/A	2
The Witch Elm	Tana French	3.4	N/A	3
Dark Sacred Night	Michael Connelly	4.5	2,339	2
The Reckoning	John Grisham	3.8	5,543	5
The Lion, the Witch and the Wardrobe	C.S. Lewis	4.7	1,856	2
Where the Crawdads Sing	Delia Owens	4.8	21,937	9
The Wonky Donkey	Craig Smith & Katz Cowley 	4.7	6,222	8
The Meltdown	Jeff Kinney	4.8	N/A	1
Then She Was Gone	Lisa Jewell	4.3	1,418	1
Past Tense	Lee Child	3.9	3,713	1
Lullaby	Jonathan Maberry	4.3	N/A	1
Elevation	Stephen King	3.8	1,747	1
Every Breath	Nicholas Sparks	4.7	2,060	4
Oathbringer	Brandon Sanderson	4.6	2,459	6
Harry Potter and the Sorcerer's Stone	J.K. Rowling	4.7	15,382	54
Nine Perfect Strangers	Liane Moriarty	3.5	2,357	1
Close to the Bone	Kendra Elliot	4.3	N/A	2
Prey	Michael Crichton	4.1	1,270	1
The Hate U Give	Angie Thomas	4.8	3,596	10
A Bone to Pick	Melinda Leigh	4.5	N/A	1
The Other Woman	Sandie Jones	3.9	N/A	1
No Country for Old Men	Cormac McCarthy	4.4	1,012	1
Past Tense	Lee Child	3.9	3,713	2
Hate Notes	Penelope Ward & Vi Keeland	4.6	3,429	1
Nine Perfect Strangers	Liane Moriarty	3.5	2,357	2
The Reckoning	John Grisham	3.8	5,543	6
The Wonky Donkey	Craig Smith & Katz Cowley 	4.7	6,222	9
Where the Crawdads Sing	Delia Owens	4.8	21,937	10
Dark Sacred Night	Michael Connelly	4.5	2,339	3
The Meltdown	Jeff Kinney	4.8	N/A	2
Every Breath	Nicholas Sparks	4.7	2,060	5
Skyward	Brandon Sanderson	4.8	N/A	1
Harry Potter and the Sorcerer's Stone	J.K. Rowling	4.7	15,382	55
Long Road to Mercy	David Baldacci	4.1	2,281	1
Close to the Bone	Kendra Elliot	4.3	N/A	3
Judge	Alexa Riley	3.9	N/A	1
Winter's Bone	Daniel Woodrell	4.3	N/A	1
The Retreat	Mark Edwards	4.4	N/A	1
Elevation	Stephen King	3.8	1,747	2
I Am Watching You	Teresa Driscoll	4.5	10,366	18
The Hate U Give	Angie Thomas	4.8	3,596	11
Turkey Trouble	Wendi Silvano & Lee Harper	4.7	N/A	1
Hate Notes	Penelope Ward & Vi Keeland	4.6	3,429	2
Look Alive Twenty-Five	Janet Evanovich	4.3	2,121	1
Long Road to Mercy	David Baldacci	4.1	2,281	2
Past Tense	Lee Child	3.9	3,713	3
The Reckoning	John Grisham	3.8	5,543	7
Nine Perfect Strangers	Liane Moriarty	3.5	2,357	3
The Wonky Donkey	Craig Smith & Katz Cowley 	4.7	6,222	10
Where the Crawdads Sing	Delia Owens	4.8	21,937	11
Dark Sacred Night	Michael Connelly	4.5	2,339	4
The Meltdown	Jeff Kinney	4.8	N/A	3
Harry Potter and the Sorcerer's Stone	J.K. Rowling	4.7	15,382	56
P Is for Pterodactyl	Chris Carpenter &  Raj Haldar	4.6	N/A	1
Every Breath	Nicholas Sparks	4.7	2,060	6
I Am Watching You	Teresa Driscoll	4.5	10,366	19
The Crimes of Grindelwald	J.K. Rowling	4.5	N/A	1
Close to the Bone	Kendra Elliot	4.3	N/A	4
Chasing Shadows	Catherine Bybee	4.7	N/A	1
The Cutting Edge	Jeffery Deaver	4.3	N/A	1
Hungry For More	Alexa Riley	4.5	N/A	1
The Hate U Give	Angie Thomas	4.8	3,596	12
Dark Sacred Night	Michael Connelly	4.5	2,339	5
Fire & Blood	George R. R. Martin	3.8	1,056	1
Hate Notes	Penelope Ward & Vi Keeland	4.6	3,429	3
The Wonky Donkey	Craig Smith & Katz Cowley 	4.7	6,222	11
The Meltdown	Jeff Kinney	4.8	N/A	4
Past Tense	Lee Child	3.9	3,713	4
The Reckoning	John Grisham	3.8	5,543	8
Where the Crawdads Sing	Delia Owens	4.8	21,937	12
Nine Perfect Strangers	Liane Moriarty	3.5	2,357	4
Target	James Patterson	4.5	N/A	1
Long Road to Mercy	David Baldacci	4.1	2,281	3
Harry Potter and the Sorcerer's Stone	J.K. Rowling	4.7	15,382	57
Look Alive Twenty-Five	Janet Evanovich	4.3	2,121	2
Every Breath	Nicholas Sparks	4.7	2,060	7
Origin	Dan Brown	4.2	9,851	27
The Crimes of Grindelwald	J.K. Rowling	4.5	N/A	2
I Am Watching You	Teresa Driscoll	4.5	10,366	20
Harry Potter and the Chamber of Secrets	J.K. Rowling	4.8	5,849	1
The Handmaid's Tale	Margaret Atwood	4.1	15,355	50
The Alchemist	Paulo Coelho	4.6	12,560	2
The Wonky Donkey	Craig Smith & Katz Cowley 	4.7	6,222	12
The Great Alone	Kristin Hannah	4.6	7,163	23
Every Breath	Nicholas Sparks	4.7	2,060	8
Where the Crawdads Sing	Delia Owens	4.8	21,937	13
The Meltdown	Jeff Kinney	4.8	N/A	5
Hate Notes	Penelope Ward & Vi Keeland	4.6	3,429	4
Kingdom of the Blind	Louise Penny	4.7	1,354	1
The Reckoning	John Grisham	3.8	5,543	9
Fire & Blood	George R. R. Martin	3.8	1,056	2
Past Tense	Lee Child	3.9	3,713	5
Harry Potter and the Sorcerer's Stone	J.K. Rowling	4.7	15,382	58
Nine Perfect Strangers	Liane Moriarty	3.5	2,357	5
Long Road to Mercy	David Baldacci	4.1	2,281	4
Target	James Patterson	4.5	N/A	2
One Day in December	Josie Silver	4.2	N/A	1
The Handmaid's Tale	Margaret Atwood	4.1	15,355	51
Look Alive Twenty-Five	Janet Evanovich	4.3	2,121	3
Dark Sacred Night	Michael Connelly	4.5	2,339	6
Outlander	Diana Gabaldon	4.6	19,762	2
The Crimes of Grindelwald	J.K. Rowling	4.5	N/A	3
The Wonky Donkey	Craig Smith & Katz Cowley 	4.7	6,222	13
Where the Crawdads Sing	Delia Owens	4.8	21,937	14
Of Blood and Bone	Nora Roberts	4.7	1,305	1
The Reckoning	John Grisham	3.8	5,543	10
The Meltdown	Jeff Kinney	4.8	N/A	6
One Day in December	Josie Silver	4.2	N/A	2
Fire & Blood	George R. R. Martin	3.8	1,056	3
Hate Notes	Penelope Ward & Vi Keeland	4.6	3,429	5
Harry Potter and the Sorcerer's Stone	J.K. Rowling	4.7	15,382	59
Past Tense	Lee Child	3.9	3,713	6
True Places	Sonja Yoerg	4.4	1,803	1
Nine Perfect Strangers	Liane Moriarty	3.5	2,357	6
Long Road to Mercy	David Baldacci	4.1	2,281	5
Every Breath	Nicholas Sparks	4.7	2,060	9
Queen of Air and Darkness	Cassandra Clare	4.4	N/A	1
How the Grinch Stole Christmas	Dr. Seuss	4.8	N/A	1
Kingdom of the Blind	Louise Penny	4.7	1,354	2
Target	James Patterson	4.5	N/A	3
Dark Sacred Night	Michael Connelly	4.5	2,339	7
Beneath a Scarlet Sky	Mark Sullivan	4.7	26,771	50
The Wonky Donkey	Craig Smith & Katz Cowley 	4.7	6,222	14
Where the Crawdads Sing	Delia Owens	4.8	21,937	15
The Reckoning	John Grisham	3.8	5,543	11
Fire & Blood	George R. R. Martin	3.8	1,056	4
One Day in December	Josie Silver	4.2	N/A	3
Harry Potter and the Sorcerer's Stone	J.K. Rowling	4.7	15,382	60
Every Breath	Nicholas Sparks	4.7	2,060	10
Past Tense	Lee Child	3.9	3,713	7
Nine Perfect Strangers	Liane Moriarty	3.5	2,357	7
Hate Notes	Penelope Ward & Vi Keeland	4.6	3,429	6
Long Road to Mercy	David Baldacci	4.1	2,281	6
Dog Man: Brawl of the Wild	Dav Pilkey	4.9	N/A	1
The Storyteller's Secret	Sejal Badani	4.7	7,603	11
Of Blood and Bone	Nora Roberts	4.7	1,305	2
Beneath a Scarlet Sky	Mark Sullivan	4.7	26,771	51
Dragons Love Tacos	Adam Rubin & Daniel Salmieri	4.5	2,451	1
Target	James Patterson	4.5	N/A	4
The Wonderful Things You Will Be	Emily Winfield Martin	4.8	2,135	1
The Name of the Wind	Patrick Rothfuss	4.6	7,963	1
Dark Sacred Night	Michael Connelly	4.5	2,339	8
Where the Crawdads Sing	Delia Owens	4.8	21,937	16
The Wonky Donkey	Craig Smith & Katz Cowley 	4.7	6,222	15
The Reckoning	John Grisham	3.8	5,543	12
Harry Potter and the Sorcerer's Stone	J.K. Rowling	4.7	15,382	61
Beneath a Scarlet Sky	Mark Sullivan	4.7	26,771	52
One Day in December	Josie Silver	4.2	N/A	4
Hate Notes	Penelope Ward & Vi Keeland	4.6	3,429	7
Nine Perfect Strangers	Liane Moriarty	3.5	2,357	8
Fire & Blood	George R. R. Martin	3.8	1,056	5
Past Tense	Lee Child	3.9	3,713	8
Say You're Sorry	Melinda Leigh	4.4	6,165	20
The Meltdown	Jeff Kinney	4.8	N/A	7
The Storyteller's Secret	Sejal Badani	4.7	7,603	12
Dog Man: Brawl of the Wild	Dav Pilkey	4.9	N/A	2
Long Road to Mercy	David Baldacci	4.1	2,281	7
Every Breath	Nicholas Sparks	4.7	2,060	11
Target	James Patterson	4.5	N/A	5
His Package	Penelope Bloom	4.6	N/A	1
A Steep Price	Robert Dugoni	4.7	1,314	3
True Places	Sonja Yoerg	4.4	1,803	2
Where the Crawdads Sing	Delia Owens	4.8	21,937	17
Long Road to Mercy	David Baldacci	4.1	2,281	8
Bird Box	Josh Malerman	4.4	2,455	1
Target	James Patterson	4.5	N/A	6
Harry Potter and the Sorcerer's Stone	J.K. Rowling	4.7	15,382	62
A Christmas Carol	Charles Dickens	4.6	2,792	1
The Woman in the Window	A. J. Finn	4.3	6,179	14
Beneath a Scarlet Sky	Mark Sullivan	4.7	26,771	53
The Reckoning	John Grisham	3.8	5,543	13
Hate Notes	Penelope Ward & Vi Keeland	4.6	3,429	8
Circe	Madeline Miller	4.6	1,831	2
True Places	Sonja Yoerg	4.4	1,803	3
Nine Perfect Strangers	Liane Moriarty	3.5	2,357	9
One Day in December	Josie Silver	4.2	N/A	5
The Storyteller's Secret	Sejal Badani	4.7	7,603	13
Say You're Sorry	Melinda Leigh	4.4	6,165	21
Dog Man: Brawl of the Wild	Dav Pilkey	4.9	N/A	3
Sherlock Holmes	Arthur Conan Doyle & Stephen Fry	4.5	N/A	1
Ready Player One	Ernest Cline	4.6	19,096	38
His Package	Penelope Bloom	4.6	N/A	2
Where the Crawdads Sing	Delia Owens	4.8	21,937	18
Bird Box	Josh Malerman	4.4	2,455	2
The House With a Clock In Its Walls	John Bellairs	4.3	N/A	1
Harry Potter and the Sorcerer's Stone	J.K. Rowling	4.7	15,382	63
The Killer Collective	Barry Eisler	4.3	2,461	1
Beneath a Scarlet Sky	Mark Sullivan	4.7	26,771	54
Hate Notes	Penelope Ward & Vi Keeland	4.6	3,429	9
Verses for the Dead	Douglas Preston & Lincoln Child	4.3	N/A	1
The Forgotten Hours	Katrin Schumann	4.2	1,231	1
The Reckoning	John Grisham	3.8	5,543	14
True Places	Sonja Yoerg	4.4	1,803	4
Nine Perfect Strangers	Liane Moriarty	3.5	2,357	10
The Storyteller's Secret	Sejal Badani	4.7	7,603	14
Sherlock Holmes	Arthur Conan Doyle & Stephen Fry	4.5	N/A	2
The Call of the Wild	Jack London	4.4	2,797	1
Circe	Madeline Miller	4.6	1,831	3
I Am Watching You	Teresa Driscoll	4.5	10,366	21
One Day in December	Josie Silver	4.2	N/A	6
The Woman in the Window	A. J. Finn	4.3	6,179	15
Say You're Sorry	Melinda Leigh	4.4	6,165	22
Where the Crawdads Sing	Delia Owens	4.8	21,937	19
The Kiss Thief	LJ Shen	4.5	2,086	1
The Killer Collective	Barry Eisler	4.3	2,461	2
Harry Potter and the Sorcerer's Stone	J.K. Rowling	4.7	15,382	64
The Forgotten Hours	Katrin Schumann	4.2	1,231	2
Holding	Graham Norton	4.3	N/A	1
The Snow Gypsy	Lindsay Jayne Ashford	4.5	2,017	1
Beneath a Scarlet Sky	Mark Sullivan	4.7	26,771	55
Dog Man: Brawl of the Wild	Dav Pilkey	4.9	N/A	4
Blood for Blood	Victoria Selman	4.2	1,083	1
Nine Perfect Strangers	Liane Moriarty	3.5	2,357	11
The Reckoning	John Grisham	3.8	5,543	15
I Am Watching You	Teresa Driscoll	4.5	10,366	22
The New Iberia Blues	James Lee Burke	4.5	N/A	1
Eleanor Oliphant Is Completely Fine	Gail Honeyman	4.6	5,657	8
Bird Box	Josh Malerman	4.4	2,455	3
Turning Point	Danielle Steel	4.3	N/A	1
The Storyteller's Secret	Sejal Badani	4.7	7,603	15
No Second Chance	Harlan Coben	4.6	N/A	1
Harry Potter and the Chamber of Secrets	J.K. Rowling	4.8	5,849	2
Where the Crawdads Sing	Delia Owens	4.8	21,937	20
The Kiss Thief	LJ Shen	4.5	2,086	2
The Magnolia Inn	Carolyn Brown	4.3	1,669	1
The Killer Collective	Barry Eisler	4.3	2,461	3
A Knight of the Seven Kingdoms	George R. R. Martin	4.4	2,084	2
Harry Potter and the Sorcerer's Stone	J.K. Rowling	4.7	15,382	65
A Merciful Fate	Kendra Elliot	4.7	N/A	1
The Forgotten Hours	Katrin Schumann	4.2	1,231	3
An American Marriage	Tayari Jones	4.4	2,834	12
Beneath a Scarlet Sky	Mark Sullivan	4.7	26,771	56
Second Hand Curses	Drew Hayes	4.6	N/A	1
Beowulf	Seamus Heaney (Translation)	4.3	N/A	1
The Snow Gypsy	Lindsay Jayne Ashford	4.5	2,017	2
Nine Perfect Strangers	Liane Moriarty	3.5	2,357	12
Taking Back His Bride	Madison Faye	3.8	N/A	1
I Am Watching You	Teresa Driscoll	4.5	10,366	23
Dog Man: Brawl of the Wild	Dav Pilkey	4.9	N/A	5
Blood for Blood	Victoria Selman	4.2	1,083	2
The Reckoning	John Grisham	3.8	5,543	16
Small Town Rumors	Carolyn Brown	4.5	1,277	1
Where the Crawdads Sing	Delia Owens	4.8	21,937	21
The Magnolia Inn	Carolyn Brown	4.3	1,669	2
The Killer Collective	Barry Eisler	4.3	2,461	4
The Kiss Thief	LJ Shen	4.5	2,086	3
Then She Was Gone	Lisa Jewell	4.3	1,418	2
Fahrenheit 451	Ray Bradbury	4.5	3,447	1
Taking Back His Bride	Madison Faye	3.8	N/A	2
The Handmaid's Tale	Margaret Atwood	4.1	15,355	52
The Forgotten Hours	Katrin Schumann	4.2	1,231	4
Harry Potter and the Sorcerer's Stone	J.K. Rowling	4.7	15,382	66
A Discovery of Witches	Deborah Harkness	4.4	6,643	1
A Merciful Fate	Kendra Elliot	4.7	N/A	2
Girls of Glass	Brianna Labuskes	4.1	N/A	1
Neverwhere	Neil Gaiman	4.5	2,561	4
Eye of the Needle	Ken Follett	4.6	1,416	1
Beneath a Scarlet Sky	Mark Sullivan	4.7	26,771	57
The Snow Gypsy	Lindsay Jayne Ashford	4.5	2,017	3
Bluff	Michael Kardos	4.5	N/A	1
An Anonymous Girl	Greer Hendricks & Sarah Pekkanen	4.1	1,225	1
An American Marriage	Tayari Jones	4.4	2,834	13
Where the Crawdads Sing	Delia Owens	4.8	21,937	22
The Magnolia Inn	Carolyn Brown	4.3	1,669	3
The Killer Collective	Barry Eisler	4.3	2,461	5
Magic Hour	Kristin Hannah	4.6	1,254	1
Never Never	James Patterson & Candice Fox	3.5	N/A	1
The Forgotten Hours	Katrin Schumann	4.2	1,231	5
Girls of Glass	Brianna Labuskes	4.1	N/A	2
Harry Potter and the Sorcerer's Stone	J.K. Rowling	4.7	15,382	67
The Kiss Thief	LJ Shen	4.5	2,086	4
Beneath a Scarlet Sky	Mark Sullivan	4.7	26,771	58
Where the Forest Meets the Stars	Glendy Vanderah	4.6	4,477	1
The Snow Gypsy	Lindsay Jayne Ashford	4.5	2,017	4
Taking Back His Bride	Madison Faye	3.8	N/A	3
A Merciful Fate	Kendra Elliot	4.7	N/A	3
An Anonymous Girl	Greer Hendricks & Sarah Pekkanen	4.1	1,225	2
Free	Kristen Ashley	3.7	N/A	1
Eleanor Oliphant Is Completely Fine	Gail Honeyman	4.6	5,657	9
Pricked	Winter Renshaw	4.6	N/A	1
The Storyteller's Secret	Sejal Badani	4.7	7,603	16
Boys of Brayshaw High	Meagan Brandy	4.7	1,052	1
Where the Crawdads Sing	Delia Owens	4.8	21,937	23
Connections in Death	J. D. Robb	4.4	1,199	1
The Killer Collective	Barry Eisler	4.3	2,461	6
Where the Forest Meets the Stars	Glendy Vanderah	4.6	4,477	2
The Magnolia Inn	Carolyn Brown	4.3	1,669	4
The Silent Patient	Alex Michaelides	4.4	3,425	1
The Wedding Guest	Jonathan Kellerman	N/A	N/A	1
Black Leopard, Red Wolf	Marlon James	3.2	N/A	1
Girls of Glass	Brianna Labuskes	4.1	N/A	3
Thanks from The Very Hungry Caterpillar	Eric Carle	4.8	N/A	1
Llama Llama I Love You	Anna Dewdney	4.6	N/A	2
The Perfect Child	Lucinda Berry	4.2	2,298	1
Persuader	Lee Child	4.4	2,611	1
Sense and Sensibility	Jane Austen	4.3	1,468	1
Harry Potter and the Sorcerer's Stone	J.K. Rowling	4.7	15,382	68
The First Fifteen Lives of Harry August	Claire North	4.4	1,182	1
Beneath a Scarlet Sky	Mark Sullivan	4.7	26,771	59
The Forgotten Hours	Katrin Schumann	4.2	1,231	6
Charming as Puck	Pippa Grant	4.7	N/A	1
Eleanor Oliphant Is Completely Fine	Gail Honeyman	4.6	5,657	10
Where the Crawdads Sing	Delia Owens	4.8	21,937	24
Norse Mythology	Neil Gaiman	4.4	2,052	4
The Silent Patient	Alex Michaelides	4.4	3,425	2
A Killer's Mind	Mike Omer	4.6	5,375	11
The Killer Collective	Barry Eisler	4.3	2,461	7
Where the Forest Meets the Stars	Glendy Vanderah	4.6	4,477	3
The Magnolia Inn	Carolyn Brown	4.3	1,669	5
Connections in Death	J. D. Robb	4.4	1,199	2
Lilac Girls	Martha Hall Kelly	4.6	6,065	1
Harry Potter and the Sorcerer's Stone	J.K. Rowling	4.7	15,382	69
The Victory Garden	Rhys Bowen	4.5	1,068	1
The Others	Jeremy Robinson	4.7	N/A	1
The Forgotten Hours	Katrin Schumann	4.2	1,231	7
Beneath a Scarlet Sky	Mark Sullivan	4.7	26,771	60
Girls of Glass	Brianna Labuskes	4.1	N/A	4
Winter Cottage	Mary Ellen Taylor	4.5	1,226	1
The Beantown Girls	Jane Healey	4.7	1,946	1
Eleanor Oliphant Is Completely Fine	Gail Honeyman	4.6	5,657	11
Locked Up Love	Alexa Riley	4.4	N/A	1
The Wedding Guest	Jonathan Kellerman	N/A	N/A	2
Where the Crawdads Sing	Delia Owens	4.8	21,937	25
The Silent Patient	Alex Michaelides	4.4	3,425	3
Where the Forest Meets the Stars	Glendy Vanderah	4.6	4,477	4
Mission Critical	Mark Greaney	4.7	N/A	1
Surprise Delivery	R.R. Banks	3.7	N/A	1
The Beantown Girls	Jane Healey	4.7	1,946	2
The Killer Collective	Barry Eisler	4.3	2,461	8
Harry Potter and the Sorcerer's Stone	J.K. Rowling	4.7	15,382	70
Changeling	Molly Harper	4.4	N/A	1
The Chef	James Patterson & Max DiLallo	3.4	N/A	1
Beneath a Scarlet Sky	Mark Sullivan	4.7	26,771	61
Jane Doe	Victoria Helen Stone	4.5	N/A	1
Never Tell	Lisa Gardner	4.7	N/A	1
Eleanor Oliphant Is Completely Fine	Gail Honeyman	4.6	5,657	12
What the Wind Knows	Amy Harmon	4.7	4,002	1
The Forgotten Hours	Katrin Schumann	4.2	1,231	8
Devil's Daughter	Lisa Kleypas	4.5	N/A	1
The Magnolia Inn	Carolyn Brown	4.3	1,669	6
The Tattooist of Auschwitz	Heather Morris	4.6	2,828	1
Beauty and the Billionaire	Lauren Landish	4.3	N/A	1
Where the Crawdads Sing	Delia Owens	4.8	21,937	26
The Silent Patient	Alex Michaelides	4.4	3,425	4
Where the Forest Meets the Stars	Glendy Vanderah	4.6	4,477	5
Surprise Delivery	R.R. Banks	3.7	N/A	2
Harry Potter and the Sorcerer's Stone	J.K. Rowling	4.7	15,382	71
What the Wind Knows	Amy Harmon	4.7	4,002	2
The Coroner	Jennifer Graeser Dornbush	4.2	N/A	1
Eleanor Oliphant Is Completely Fine	Gail Honeyman	4.6	5,657	13
Beneath a Scarlet Sky	Mark Sullivan	4.7	26,771	62
The Rescue	Steven Konkoly	4.5	2,001	1
The Killer Collective	Barry Eisler	4.3	2,461	9
The Beantown Girls	Jane Healey	4.7	1,946	3
The Tattooist of Auschwitz	Heather Morris	4.6	2,828	2
Tumble	Adriana Locke	4.5	N/A	1
Edge of Eternity	Ken Follett	N/A	10,915	1
The Perfect Child	Lucinda Berry	4.2	2,298	2
The Victory Garden	Rhys Bowen	4.5	1,068	2
The Storyteller's Secret	Sejal Badani	4.7	7,603	17
The Border	Don Winslow	3.7	N/A	1
The Secret Orphan	Glynis Peters	4.4	N/A	1
Where the Crawdads Sing	Delia Owens	4.8	21,937	27
The Silent Patient	Alex Michaelides	4.4	3,425	5
The Rescue	Steven Konkoly	4.5	2,001	2
Surprise Delivery	R.R. Banks	3.7	N/A	3
Daisy Jones and the Six	Taylor Jenkins Reid	4.3	1,125	1
Bennett Mafia	Tijan	4.7	N/A	1
The Last Romantics	Tara Conklin	3.9	N/A	1
You Are My Happy	Hoda Kotb	4.9	N/A	1
Where the Forest Meets the Stars	Glendy Vanderah	4.6	4,477	6
Cemetery Road	Greg Iles	4.1	1,078	1
I'm Fine and Neither Are You	Camille Pag√°n	4.2	1,737	1
Tumble	Adriana Locke	4.5	N/A	2
No Middle Name	Lee Child	4.3	1,160	1
Harry Potter and the Sorcerer's Stone	J.K. Rowling	4.7	15,382	72
Pretty Girls	Karin Slaughter	4.1	3,762	1
What the Wind Knows	Amy Harmon	4.7	4,002	3
A Curve in the Road	Julianne MacLean	4.2	2,309	1
Defending Morgan	Susan Stoker	4.7	N/A	1
The Lake House	Kate Morton	4.5	2,923	1
Eleanor Oliphant Is Completely Fine	Gail Honeyman	4.6	5,657	14
Where the Crawdads Sing	Delia Owens	4.8	21,937	28
Thick	Alexa Riley	4.1	N/A	1
The Silent Patient	Alex Michaelides	4.4	3,425	6
A Curve in the Road	Julianne MacLean	4.2	2,309	2
Faking Forever	Catherine Bybee	4.7	N/A	1
Wolf Pack	C. J. Box	4.7	N/A	1
The First Lady	James Patterson & Brendan DuBois	4.5	N/A	1
The Rescue	Steven Konkoly	4.5	2,001	3
Surprise Delivery	R.R. Banks	3.7	N/A	4
Daisy Jones and the Six	Taylor Jenkins Reid	4.3	1,125	2
Harry Potter and the Sorcerer's Stone	J.K. Rowling	4.7	15,382	73
Stillhouse Lake	Rachel Caine	4.5	11,449	10
Bennett Mafia	Tijan	4.7	N/A	2
Where the Forest Meets the Stars	Glendy Vanderah	4.6	4,477	7
Act of Valor	Dick Couch & George Galdorisi	4.4	N/A	1
The Tattooist of Auschwitz	Heather Morris	4.6	2,828	3
Flirting with the Frenemy	Pippa Grant	4.6	N/A	1
Beneath a Scarlet Sky	Mark Sullivan	4.7	26,771	63
What the Wind Knows	Amy Harmon	4.7	4,002	4
Eleanor Oliphant Is Completely Fine	Gail Honeyman	4.6	5,657	15
Where the Crawdads Sing	Delia Owens	4.8	21,937	29
Thick	Alexa Riley	4.1	N/A	2
Run Away	Harlan Coben	4.3	1,029	1
A Curve in the Road	Julianne MacLean	4.2	2,309	3
The Silent Patient	Alex Michaelides	4.4	3,425	7
Secrets Never Die	Melinda Leigh	4.7	N/A	1
Celtic Empire	Clive Cussler & Dirk Cussler	4.6	N/A	1
Harry Potter and the Sorcerer's Stone	J.K. Rowling	4.7	15,382	74
Faking Forever	Catherine Bybee	4.7	N/A	2
Daisy Jones and the Six	Taylor Jenkins Reid	4.3	1,125	3
Rock Bottom Girl	Lucy Score	4.7	1,000	1
Sin & Salvation	K.F. Breene	4.9	N/A	1
Stillhouse Lake	Rachel Caine	4.5	11,449	11
The Rescue	Steven Konkoly	4.5	2,001	4
The Other Woman	Daniel Silva	4.4	1,969	6
The First Lady	James Patterson & Brendan DuBois	4.5	N/A	2
The Tattooist of Auschwitz	Heather Morris	4.6	2,828	4
Wolf Pack	C. J. Box	4.7	N/A	2
What the Wind Knows	Amy Harmon	4.7	4,002	5
Surprise Delivery	R.R. Banks	3.7	N/A	5
Where the Crawdads Sing	Delia Owens	4.8	21,937	30
Supermarket	Bobby Hall	4.5	N/A	1
Thick	Alexa Riley	4.1	N/A	3
The Silent Patient	Alex Michaelides	4.4	3,425	8
A Curve in the Road	Julianne MacLean	4.2	2,309	4
Tiamat's Wrath	James S. A. Corey	4.8	N/A	1
Run Away	Harlan Coben	4.3	1,029	2
Kissing Her	Alexa Riley	4.4	N/A	1
Renegades	Craig Alanson	4.6	N/A	1
The Rescue	Steven Konkoly	4.5	2,001	5
I'm Fine and Neither Are You	Camille Pag√°n	4.2	1,737	2
Secrets Never Die	Melinda Leigh	4.7	N/A	2
Daisy Jones and the Six	Taylor Jenkins Reid	4.3	1,125	4
Harry Potter and the Sorcerer's Stone	J.K. Rowling	4.7	15,382	75
Galaxy Outlaws	J. S. Morin	4.7	N/A	1
The Chemist	Stephenie Meyer	4.3	2,388	1
The Clockmaker's Daughter	Kate Morton	3.5	N/A	1
Rock Bottom Girl	Lucy Score	4.7	1,000	2
Cemetery Road	Greg Iles	4.1	1,078	2
The First Lady	James Patterson & Brendan DuBois	4.5	N/A	3
Where the Crawdads Sing	Delia Owens	4.8	21,937	31
Cold Waters	Debbie Herbert	4.2	1,367	1
The Overdue Life of Amy Byler	Kelly Harms	4.4	3,197	1
The Silent Patient	Alex Michaelides	4.4	3,425	9
Wishes and Wellingtons	Julie Berry	4.4	N/A	1
Junk	Les Bohem	3.1	N/A	1
I'm Fine and Neither Are You	Camille Pag√°n	4.2	1,737	3
The Rescue	Steven Konkoly	4.5	2,001	6
Thick	Alexa Riley	4.1	N/A	4
The Savior	J.R. Ward	4.8	N/A	1
The Night Tiger	Yangsze Choo	4.3	N/A	1
Dune	Frank Herbert	4.6	3,047	2
Run Away	Harlan Coben	4.3	1,029	3
The Murderer's Son	Joy Ellis	4.3	N/A	1
Harry Potter and the Sorcerer's Stone	J.K. Rowling	4.7	15,382	76
A Curve in the Road	Julianne MacLean	4.2	2,309	5
Where the Forest Meets the Stars	Glendy Vanderah	4.6	4,477	8
Secrets Never Die	Melinda Leigh	4.7	N/A	3
Supermarket	Bobby Hall	4.5	N/A	2
Home Again	Kristin Hannah	4.2	N/A	1
Where the Crawdads Sing	Delia Owens	4.8	21,937	32
Circe	Madeline Miller	4.6	1,831	4
The Silent Patient	Alex Michaelides	4.4	3,425	10
Cold Waters	Debbie Herbert	4.2	1,367	2
A Game of Thrones	George R. R. Martin	4.6	10,082	12
The Overdue Life of Amy Byler	Kelly Harms	4.4	3,197	2
I'm Fine and Neither Are You	Camille Pag√°n	4.2	1,737	4
Diary of an Awesome Friendly Kid	Jeff Kinney	4.7	N/A	1
The Rescue	Steven Konkoly	4.5	2,001	7
God Gave Us Easter	Lisa Tawn Bergren	4.6	N/A	1
After	Anna Todd	4.1	1,037	1
The Eighth Sister	Robert Dugoni	4.5	1,668	1
The Tattooist of Auschwitz	Heather Morris	4.6	2,828	5
Harry Potter and the Sorcerer's Stone	J.K. Rowling	4.7	15,382	77
Mated to the Reaper	Alexa Riley	4.3	N/A	1
A Curve in the Road	Julianne MacLean	4.2	2,309	6
Solitude	Dean M. Cole	4.3	N/A	1
Shadowspell Academy	K.F. Breene & Shannon Mayer	4.7	N/A	1
The German Midwife	Mandy Robotham	4.7	N/A	1
Surprise Marriage	R.R. Banks	4.2	N/A	1
Where the Crawdads Sing	Delia Owens	4.8	21,937	33
The Mister	E L James	3.6	1,705	1
Redemption	David Baldacci	4.6	1,409	1
A Game of Thrones	George R. R. Martin	4.6	10,082	13
The Eighth Sister	Robert Dugoni	4.5	1,668	2
The Silent Patient	Alex Michaelides	4.4	3,425	11
The Quantum Magician	Derek K√ºnsken	4.4	N/A	1
Die Trying	Lee Child	4.3	3,481	1
A Curve in the Road	Julianne MacLean	4.2	2,309	7
The Overstory	Richard Powers	4.3	1,050	1
The Overdue Life of Amy Byler	Kelly Harms	4.4	3,197	3
Nimona	Noelle Stevenson	4.7	N/A	1
The Perfect Dress	Carolyn Brown	4.5	N/A	1
Cold Waters	Debbie Herbert	4.2	1,367	3
No Perfect Hero	Nicole Snow	4.5	N/A	1
Harry Potter and the Sorcerer's Stone	J.K. Rowling	4.7	15,382	78
Diary of an Awesome Friendly Kid	Jeff Kinney	4.7	N/A	2
Fortune Furlough	Jana DeLeon	4.8	N/A	1
I'm Fine and Neither Are You	Camille Pag√°n	4.2	1,737	5
Bad, Bad Bluebloods	C.M. Stunich	4.8	N/A	1
Where the Crawdads Sing	Delia Owens	4.8	21,937	34
Neon Prey	John Sandford	4.4	1,108	1
Redemption	David Baldacci	4.6	1,409	2
A Game of Thrones	George R. R. Martin	4.6	10,082	14
The Eighth Sister	Robert Dugoni	4.5	1,668	3
The Silent Patient	Alex Michaelides	4.4	3,425	12
Cold Waters	Debbie Herbert	4.2	1,367	4
Unexpected Gift	R.S. Lively	4.2	N/A	1
The Overdue Life of Amy Byler	Kelly Harms	4.4	3,197	4
The Mister	E L James	3.6	1,705	2
The Wife	Alafair Burke	4.2	N/A	1
Three Mages and a Margarita	Annette Marie	4.7	N/A	1
Wolfhunter River	Rachel Caine	4.5	N/A	1
Without Remorse	Tom Clancy	4.5	1,214	1
Wed To The Warrior	Madison Faye	4.3	N/A	1
The Perfect Dress	Carolyn Brown	4.5	N/A	2
My Life in Shambles	Karina Halle	4.6	N/A	1
No Perfect Hero	Nicole Snow	4.5	N/A	2
Harry Potter and the Sorcerer's Stone	J.K. Rowling	4.7	15,382	79
Unfinished Business	Nora Roberts	4.3	1,283	1
Where the Crawdads Sing	Delia Owens	4.8	21,937	35
A Game of Thrones	George R. R. Martin	4.6	10,082	15
The 18th Abduction	James Patterson & Maxine Paetro	4.4	1,035	1
The Dispatcher	John Scalzi	4.4	N/A	2
Skyward	Brandon Sanderson	4.8	N/A	2
Heads Will Roll	Emily Lynne & Kate McKinnon	N/A	N/A	1
Redemption	David Baldacci	4.6	1,409	3
The Mister	E L James	3.6	1,705	3
The Eighth Sister	Robert Dugoni	4.5	1,668	4
Oh, the Places You'll Go	Dr. Seuss	4.8	4,729	9
The Silent Patient	Alex Michaelides	4.4	3,425	13
Neon Prey	John Sandford	4.4	1,108	2
The Overdue Life of Amy Byler	Kelly Harms	4.4	3,197	5
Pretty Reckless	L.J. Shen	4.7	1,456	1
Unexpected Gift	R.S. Lively	4.2	N/A	2
Daughters of the Lake	Wendy Webb	4.5	2,657	4
Thin Air	Lisa Gray	4.3	1,859	1
Cold Waters	Debbie Herbert	4.2	1,367	5
The Wonky Donkey	Craig Smith & Katz Cowley 	4.7	6,222	16
Viking's Claim	Madison Faye	4.3	N/A	1
Where the Crawdads Sing	Delia Owens	4.8	21,937	36
A Game of Thrones	George R. R. Martin	4.6	10,082	16
The 18th Abduction	James Patterson & Maxine Paetro	4.4	1,035	2
Thin Air	Lisa Gray	4.3	1,859	2
Storm Cursed	Patricia Briggs	4.7	N/A	1
The Silent Patient	Alex Michaelides	4.4	3,425	14
Redemption	David Baldacci	4.6	1,409	4
The Overdue Life of Amy Byler	Kelly Harms	4.4	3,197	6
The Eighth Sister	Robert Dugoni	4.5	1,668	5
Oh, the Places You'll Go	Dr. Seuss	4.8	4,729	10
Heads Will Roll	Emily Lynne & Kate McKinnon	N/A	N/A	2
Unexpected Gift	R.S. Lively	4.2	N/A	3
Neon Prey	John Sandford	4.4	1,108	3
Harry Potter and the Sorcerer's Stone	J.K. Rowling	4.7	15,382	80
A Clash of Kings	George R. R. Martin	4.6	4,429	1
The Tattooist of Auschwitz	Heather Morris	4.6	2,828	6
Fire & Blood	George R. R. Martin	3.8	1,056	6
Beauchamp Hall	Danielle Steel	4.4	N/A	1
Blessing in Disguise	Danielle Steel	4.6	N/A	1
Pretty Reckless	L.J. Shen	4.7	1,456	2
Where the Crawdads Sing	Delia Owens	4.8	21,937	37
A Game of Thrones	George R. R. Martin	4.6	10,082	17
Truth and Lies	Caroline Mitchell	4.5	N/A	1
Oh, the Places You'll Go	Dr. Seuss	4.8	4,729	11
The Silent Patient	Alex Michaelides	4.4	3,425	15
Heads Will Roll	Emily Lynne & Kate McKinnon	N/A	N/A	3
A Game of Thrones 5-Book Boxed Set	George R. R. Martin	4.6	10,492	1
The Odyssey	Homer	4.3	1,780	1
The 18th Abduction	James Patterson & Maxine Paetro	4.4	1,035	3
Shadowspell Academy	K.F. Breene & Shannon Mayer	4.9	N/A	1
Thin Air	Lisa Gray	4.3	1,859	3
The Overdue Life of Amy Byler	Kelly Harms	4.4	3,197	7
A Clash of Kings	George R. R. Martin	4.6	4,429	2
Redemption	David Baldacci	4.6	1,409	5
The Mister	E L James	3.6	1,705	4
The Tuscan Child	Rhys Bowen	4.3	4,228	16
Pretty Reckless	L.J. Shen	4.7	1,456	3
The Accomplice	John Grisham	4.1	N/A	1
Fire & Blood	George R. R. Martin	3.8	1,056	7
The Night Window	Dean Koontz	4.7	N/A	1
Where the Crawdads Sing	Delia Owens	4.8	21,937	38
A Game of Thrones	George R. R. Martin	4.6	10,082	18
A Game of Thrones 5-Book Boxed Set	George R. R. Martin	4.6	10,492	2
Thin Air	Lisa Gray	4.3	1,859	4
Beneath a Scarlet Sky	Mark Sullivan	4.7	26,771	64
Echo Burning	Lee Child	4.3	2,960	1
The Silent Patient	Alex Michaelides	4.4	3,425	16
Watchers	Dean Koontz	4.7	2,287	2
A Clash of Kings	George R. R. Martin	4.6	4,429	3
Oh, the Places You'll Go	Dr. Seuss	4.8	4,729	12
Fire & Blood	George R. R. Martin	3.8	1,056	8
The Overdue Life of Amy Byler	Kelly Harms	4.4	3,197	8
Winter Cottage	Mary Ellen Taylor	4.5	1,226	2
Murder at Archly Manor	Sara Rosett	4.3	N/A	1
Strange Practice	Vivian Shaw	4.4	N/A	1
Harry Potter and the Sorcerer's Stone	J.K. Rowling	4.7	15,382	81
The 18th Abduction	James Patterson & Maxine Paetro	4.4	1,035	4
The Priory of the Orange Tree	Samantha Shannon	4.4	N/A	1
Next Girl to Die	Dea Poirier	4.2	N/A	1
Have You Seen Luis Velez?	Catherine Ryan Hyde	4.8	1,020	1
Where the Crawdads Sing	Delia Owens	4.8	21,937	39
A Game of Thrones	George R. R. Martin	4.6	10,082	19
Thin Air	Lisa Gray	4.3	1,859	5
Good Omens	Neil Gaiman & Terry Pratchett	4.6	2,361	1
The Silent Patient	Alex Michaelides	4.4	3,425	17
The Overdue Life of Amy Byler	Kelly Harms	4.4	3,197	9
The Dark Bones	Loreth Anne White	4.6	1,099	1
Good Intentions	J. D. Trafford	4.5	N/A	1
Harry Potter and the Sorcerer's Stone	J.K. Rowling	4.7	15,382	82
Oh, the Places You'll Go	Dr. Seuss	4.8	4,729	13
Almost Paradise	Debbie Macomber	4.5	N/A	1
The Boy	Tami Hoag	4.6	N/A	1
A Clash of Kings	George R. R. Martin	4.6	4,429	4
Trouble at Brayshaw High	Meagan Brandy	4.9	N/A	1
Next Girl to Die	Dea Poirier	4.2	N/A	2
Too Many	Alexa  Riley	4.5	N/A	1
Eleanor Oliphant Is Completely Fine	Gail Honeyman	4.6	5,657	16
Faking Ms. Right	Claire Kingsley	4.7	N/A	1
One Small Sacrifice	Hilary Davidson	4.4	N/A	1
The Cactus	Sarah Haywood	3.9	N/A	1
Where the Crawdads Sing	Delia Owens	4.8	21,937	40
City of Girls	Elizabeth Gilbert	4.2	N/A	1
Good Omens	Neil Gaiman & Terry Pratchett	4.6	2,361	2
Thin Air	Lisa Gray	4.3	1,859	6
False Step	Victoria Helen Stone	3.8	1,028	1
A Game of Thrones	George R. R. Martin	4.6	10,082	20
Fall	Neal Stephenson	3.2	N/A	1
The Silent Patient	Alex Michaelides	4.4	3,425	18
Unsolved	James Patterson & David Ellis	4.5	N/A	1
Searching for Sylvie Lee	Jean Kwok	4.2	N/A	1
What the Wind Knows	Amy Harmon	4.7	4,002	6
The Dark Bones	Loreth Anne White	4.6	1,099	2
Accidental Knight	Nicole Snow	4.4	N/A	1
Pretty Virgin	Alexa RIley	4.1	N/A	1
Harry Potter and the Sorcerer's Stone	J.K. Rowling	4.7	15,382	83
Faking Ms. Right	Claire Kingsley	4.7	N/A	2
The Perfect Husband	Lisa Gardner	4.2	N/A	1
The Overdue Life of Amy Byler	Kelly Harms	4.4	3,197	10
The Lost Girls of Paris	Pam Jenoff	4.1	N/A	1
The Cactus	Sarah Haywood	3.9	N/A	2
Where the Crawdads Sing	Delia Owens	4.8	21,937	41
City of Girls	Elizabeth Gilbert	4.2	N/A	2
Mrs. Everything	Jennifer Weiner	3.8	N/A	1
Accidental Knight	Nicole Snow	4.4	N/A	2
Shadowspell Academy	K.F. Breene & Shannon Mayer	4.8	N/A	1
The Dark Bones	Loreth Anne White	4.6	1,099	3
Good Omens	Neil Gaiman & Terry Pratchett	4.6	2,361	3
The Silent Patient	Alex Michaelides	4.4	3,425	19
Winter Cottage	Mary Ellen Taylor	4.5	1,226	3
Thin Air	Lisa Gray	4.3	1,859	7
The Other Wife	Michael Robotham	4.5	N/A	1
Harry Potter and the Sorcerer's Stone	J.K. Rowling	4.7	15,382	84
Neverwhere	Neil Gaiman	4.5	2,561	5
A Game of Thrones	George R. R. Martin	4.6	10,082	21
I Love Dad	Eric Carle	4.8	N/A	1
False Step	Victoria Helen Stone	3.8	1,028	2
The Handmaid's Tale	Margaret Atwood	4.1	15,355	53
Little Fires Everywhere	Celeste Ng	4.3	4,579	42
The Highlander's Forbidden Bride	Madison Faye	4.5	N/A	1
What the Wind Knows	Amy Harmon	4.7	4,002	7
Where the Crawdads Sing	Delia Owens	4.8	21,937	42
Summer of '69	Elin Hilderbrand	4.3	N/A	1
City of Girls	Elizabeth Gilbert	4.2	N/A	3
The Deep, Deep Snow	Brian Freeman	4.4	N/A	1
I'll Never Tell	Catherine McKenzie	4.2	N/A	1
The Dark Bones	Loreth Anne White	4.6	1,099	4
Mrs. Everything	Jennifer Weiner	3.8	N/A	2
A Merciful Promise	Kendra Elliot	4.8	N/A	1
The Silent Patient	Alex Michaelides	4.4	3,425	20
Good Omens	Neil Gaiman & Terry Pratchett	4.6	2,361	4
Accidental Knight	Nicole Snow	4.4	N/A	3
What the Wind Knows	Amy Harmon	4.7	4,002	8
The Golem and the Jinni	Helene Wecker	4.5	2,879	1
Thin Air	Lisa Gray	4.3	1,859	8
Harry Potter and the Sorcerer's Stone	J.K. Rowling	4.7	15,382	85
Redemption	David Baldacci	4.6	1,409	6
The Girl Who Lived	Christopher Greyson	4.3	1,545	1
The Handmaid's Tale	Margaret Atwood	4.1	15,355	54
Restored	Alexa Riley	4.5	N/A	1
A Merciful Death	Kendra Elliot	4.5	4,039	8
Where the Crawdads Sing	Delia Owens	4.8	21,937	43
City of Girls	Elizabeth Gilbert	4.2	N/A	4
Summer of '69	Elin Hilderbrand	4.3	N/A	2
Backlash	Brad Thor	4.8	N/A	1
Nine Perfect Strangers	Liane Moriarty	3.5	2,357	13
Running Blind	Lee Child	4.4	2,972	1
The Silent Patient	Alex Michaelides	4.4	3,425	21
Mrs. Everything	Jennifer Weiner	3.8	N/A	3
I'll Never Tell	Catherine McKenzie	4.2	N/A	2
False Step	Victoria Helen Stone	3.8	1,028	3
Harry Potter and the Sorcerer's Stone	J.K. Rowling	4.7	15,382	86
The Dark Bones	Loreth Anne White	4.6	1,099	5
Thin Air	Lisa Gray	4.3	1,859	9
Good Omens	Neil Gaiman & Terry Pratchett	4.6	2,361	5
Accidental Knight	Nicole Snow	4.4	N/A	4
Teardrop Shot	Tijan	4.8	N/A	1
The Handmaid's Tale	Margaret Atwood	4.1	15,355	55
A Trick of Light	Stan Lee & Kat Rosenfield	4.1	N/A	1
A Merciful Promise	Kendra Elliot	4.8	N/A	2
What the Wind Knows	Amy Harmon	4.7	4,002	9
Where the Crawdads Sing	Delia Owens	4.8	21,937	44
Evvie Drake Starts Over	Linda Holmes	4.3	N/A	1
What You Did	Claire McGowan	4.3	1,589	1
Summer of '69	Elin Hilderbrand	4.3	N/A	3
Missing Molly	Natalie Barelli	4.6	N/A	1
City of Girls	Elizabeth Gilbert	4.2	N/A	5
Whisper Network	Chandler Baker	3.9	N/A	1
The Silent Patient	Alex Michaelides	4.4	3,425	22
Thin Air	Lisa Gray	4.3	1,859	10
Backlash	Brad Thor	4.8	N/A	2
A Fire Sparkling	Julianne MacLean	4.7	1,329	1
Harry Potter and the Sorcerer's Stone	J.K. Rowling	4.7	15,382	87
Mrs. Everything	Jennifer Weiner	3.8	N/A	4
The Only Woman in the Room	Marie Benedict	4.2	N/A	1
False Step	Victoria Helen Stone	3.8	1,028	4
The Overstory	Richard Powers	4.3	1,050	2
Don't Let Go	Harlan Coben	4.5	1,443	5
Forgotten Bones	Vivian Barz	4.4	1,000	1
Under Currents	Nora Roberts	4.5	N/A	1
Accidental Knight	Nicole Snow	4.4	N/A	5
Where the Crawdads Sing	Delia Owens	4.8	21,937	45
Under Currents	Nora Roberts	4.5	N/A	2
Summer of '69	Elin Hilderbrand	4.3	N/A	4
What You Did	Claire McGowan	4.3	1,589	2
City of Girls	Elizabeth Gilbert	4.2	N/A	6
The Silent Patient	Alex Michaelides	4.4	3,425	23
Harry Potter and the Sorcerer's Stone	J.K. Rowling	4.7	15,382	88
Thin Air	Lisa Gray	4.3	1,859	11
Mrs. Everything	Jennifer Weiner	3.8	N/A	5
The New Girl	Daniel Silva	4.6	1,108	1
A Fire Sparkling	Julianne MacLean	4.7	1,329	2
Backlash	Brad Thor	4.8	N/A	3
Alter	Jeremy Robinson	4.7	N/A	1
Forgotten Bones	Vivian Barz	4.4	1,000	2
Before We Were Yours	Lisa Wingate	4.7	10,654	53
Evvie Drake Starts Over	Linda Holmes	4.3	N/A	2
Last Summer	Kerry Lonsdale	4.2	N/A	1
All Grown Up	Vi Keeland	4.7	N/A	1
Then She Was Gone	Lisa Jewell	4.3	1,418	3
The Handmaid's Tale	Margaret Atwood	4.1	15,355	56
Where the Crawdads Sing	Delia Owens	4.8	21,937	46
The New Girl	Daniel Silva	4.6	1,108	2
The Nickel Boys	Colson Whitehead	4.5	N/A	1
Sold on a Monday	Kristina McMorris	4.3	1,246	1
Summer of '69	Elin Hilderbrand	4.3	N/A	5
Under Currents	Nora Roberts	4.5	N/A	3
City of Girls	Elizabeth Gilbert	4.2	N/A	7
Last Summer	Kerry Lonsdale	4.2	N/A	2
What You Did	Claire McGowan	4.3	1,589	3
The Silent Patient	Alex Michaelides	4.4	3,425	24
Harry Potter and the Sorcerer's Stone	J.K. Rowling	4.7	15,382	89
Next Year in Havana	Chanel Cleeton	4.4	N/A	2
What the Wind Knows	Amy Harmon	4.7	4,002	10
Before We Were Yours	Lisa Wingate	4.7	10,654	54
One Good Deed	David Baldacci	4.2	N/A	1
Mrs. Everything	Jennifer Weiner	3.8	N/A	6
Thin Air	Lisa Gray	4.3	1,859	12
Red Metal	 Mark Greaney & H. Ripley Rawlings	4.6	N/A	1
Evvie Drake Starts Over	Linda Holmes	4.3	N/A	3
The Great Gatsby	F. Scott Fitzgerald	4.3	6,245	1
Where the Crawdads Sing	Delia Owens	4.8	21,937	47
One Good Deed	David Baldacci	4.2	N/A	2
The New Girl	Daniel Silva	4.6	1,108	3
What You Did	Claire McGowan	4.3	1,589	4
Last Summer	Kerry Lonsdale	4.2	N/A	3
The Silent Patient	Alex Michaelides	4.4	3,425	25
Summer of '69	Elin Hilderbrand	4.3	N/A	6
City of Girls	Elizabeth Gilbert	4.2	N/A	8
Harry Potter and the Sorcerer's Stone	J.K. Rowling	4.7	15,382	90
Under Currents	Nora Roberts	4.5	N/A	4
Ask Again, Yes	Mary Beth Keane	4.2	N/A	1
Cajun Fried Felony	Jana DeLeon	4.9	N/A	1
The Singularity Trap	Dennis E. Taylor	4.3	N/A	2
Tripwire	Lee Child	4.4	3,490	1
Level Five	William Ledbetter	N/A	N/A	1
Thrawn	Timothy Zahn	4.6	N/A	1
The Nickel Boys	Colson Whitehead	4.5	N/A	2
Thin Air	Lisa Gray	4.3	1,859	13
Before We Were Yours	Lisa Wingate	4.7	10,654	55
My Brother's Billionaire Best Friend	Max Monroe	4.5	N/A	1
Where the Crawdads Sing	Delia Owens	4.8	21,937	48
One Good Deed	David Baldacci	4.2	N/A	3
What You Did	Claire McGowan	4.3	1,589	5
The New Girl	Daniel Silva	4.6	1,108	4
The Last House Guest	Megan Miranda	3.9	N/A	1
Here To Stay	Mark Edwards	4.2	1,379	1
The Silent Patient	Alex Michaelides	4.4	3,425	26
Last Summer	Kerry Lonsdale	4.2	N/A	4
Dark Age	Pierce Brown	4.6	N/A	1
Harry Potter and the Sorcerer's Stone	J.K. Rowling	4.7	15,382	91
City of Girls	Elizabeth Gilbert	4.2	N/A	9
Summer of '69	Elin Hilderbrand	4.3	N/A	7
Under Currents	Nora Roberts	4.5	N/A	5
Before We Were Yours	Lisa Wingate	4.7	10,654	56
The Nickel Boys	Colson Whitehead	4.5	N/A	3
The Art of Racing in the Rain	Garth Stein	4.7	8,716	1
Adventures of Tom Stranger	Larry Correia	4.2	N/A	1
The Hobbit	J.R.R. Tolkien	4.7	9,105	3
Ask Again, Yes	Mary Beth Keane	4.2	N/A	2
Little Fires Everywhere	Celeste Ng	4.3	4,579	43
Where the Crawdads Sing	Delia Owens	4.8	21,937	49
Beloved	Toni Morrison	4.2	1,025	1
The Art of Racing in the Rain	Garth Stein	4.7	8,716	2
Here To Stay	Mark Edwards	4.2	1,379	2
What You Did	Claire McGowan	4.3	1,589	6
Disney Storybook Collection Advent Calendar	IglooBooks	N/A	0,	1
One Good Deed	David Baldacci	4.2	N/A	4
The Bluest Eye	Toni Morrison	4.2	N/A	1
The Inn	James Patterson	3.8	N/A	1
The Turn of the Key	Ruth Ware	4.1	N/A	1
Lying Next to Me	Gregg Olsen	4.4	1,129	1
The Silent Patient	Alex Michaelides	4.4	3,425	27
Harry Potter and the Sorcerer's Stone	J.K. Rowling	4.7	15,382	92
Outfox	Sandra Brown	4.3	N/A	1
Dog Man: For Whom the Ball Rolls	Dav Pilkey	4.9	N/A	1
City of Girls	Elizabeth Gilbert	4.2	N/A	10
A Dangerous Man	Robert Crais	4.4	N/A	1
Last Summer	Kerry Lonsdale	4.2	N/A	5
Winter World	A.G. Riddle	4.5	N/A	1
The New Girl	Daniel Silva	4.6	1,108	5
Where the Crawdads Sing	Delia Owens	4.8	21,937	50
Dog Man: For Whom the Ball Rolls	Dav Pilkey	4.9	N/A	2
Lying Next to Me	Gregg Olsen	4.4	1,129	2
Disney Storybook Collection Advent Calendar	IglooBooks	N/A	0,	2
Here To Stay	Mark Edwards	4.2	1,379	3
What You Did	Claire McGowan	4.3	1,589	7
Look Alive Twenty-Five	Janet Evanovich	4.3	2,121	1
Harry Potter and the Sorcerer's Stone	J.K. Rowling	4.7	15,382	93
One Good Deed	David Baldacci	4.2	N/A	5
A Column of Fire	Ken Follett	4.5	4,021	10
The Silent Patient	Alex Michaelides	4.4	3,425	28
Where'd You Go, Bernadette	Maria Semple	4.2	6,005	1
The Turn of the Key	Ruth Ware	4.1	N/A	2
City of Girls	Elizabeth Gilbert	4.2	N/A	11
The Inn	James Patterson	3.8	N/A	2
The Overdue Life of Amy Byler	Kelly Harms	4.4	3,197	11
The Handmaid's Tale	Margaret Atwood	4.1	15,355	57
The Accident	Natalie Barelli	4.3	N/A	1
The Art of Racing in the Rain	Garth Stein	4.7	8,716	3
The Nickel Boys	Colson Whitehead	4.5	N/A	4
Where the Crawdads Sing	Delia Owens	4.8	21,937	51
Broken Knight	L.J. Shen	4.8	1,641	1
Lying Next to Me	Gregg Olsen	4.4	1,129	3
Dog Man: For Whom the Ball Rolls	Dav Pilkey	4.9	N/A	3
Here To Stay	Mark Edwards	4.2	1,379	4
I Hate You	Ilsa  Madden-Mills	4.7	N/A	1
Old Bones	Douglas Preston & Lincoln Child	4.4	N/A	1
What You Did	Claire McGowan	4.3	1,589	8
Harry Potter and the Sorcerer's Stone	J.K. Rowling	4.7	15,382	94
The Empty Nesters	Carolyn Brown	4.5	N/A	1
The Silent Patient	Alex Michaelides	4.4	3,425	29
The Last Widow	Karin Slaughter	N/A	N/A	1
The Goldfinch	Donna Tartt	3.8	26,378	1
One Good Deed	David Baldacci	4.2	N/A	6
The Turn of the Key	Ruth Ware	4.1	N/A	3
City of Girls	Elizabeth Gilbert	4.2	N/A	12
The Handmaid's Tale	Margaret Atwood	4.1	15,355	58
Hellbent	Gregg Hurwitz	4.8	N/A	1
When We Believed in Mermaids	Barbara O'Neal	4.7	N/A	1
The Secrets of Lost Stones	Melissa Payne	4.7	1,053	1
Where the Crawdads Sing	Delia Owens	4.8	21,937	52
Lying Next to Me	Gregg Olsen	4.4	1,129	4
A Better Man	Louise Penny	4.6	N/A	1
Dog Man: For Whom the Ball Rolls	Dav Pilkey	4.9	N/A	4
Here To Stay	Mark Edwards	4.2	1,379	5
Broken Knight	L.J. Shen	4.8	1,641	2
Butterfly in Frost	Sylvia Day	N/A	N/A	1
The Empty Nesters	Carolyn Brown	4.5	N/A	2
The Silent Patient	Alex Michaelides	4.4	3,425	30
Harry Potter and the Sorcerer's Stone	J.K. Rowling	4.7	15,382	95
When We Believed in Mermaids	Barbara O'Neal	4.7	N/A	2
The Girl Who Lived Twice	David Lagercrantz	3.7	N/A	1
The Goldfinch	Donna Tartt	3.8	26,378	2
What You Did	Claire McGowan	4.3	1,589	9
Bad Luck and Trouble	Lee Child	4.5	2,159	1
One Good Deed	David Baldacci	4.2	N/A	7
City of Girls	Elizabeth Gilbert	4.2	N/A	13
The Handmaid's Tale	Margaret Atwood	4.1	15,355	59
I Hate You	Ilsa  Madden-Mills	4.7	N/A	2
Watchers	Dean Koontz	4.7	2,287	3
Where the Crawdads Sing	Delia Owens	4.8	21,937	53
The Testaments	Margaret Atwood	4.5	N/A	1
Treasure Island	Robert Louis Stevenson, et al.	3.8	N/A	1
Vendetta in Death	J. D. Robb	4.3	N/A	1
Quantum	Patricia Cornwell	2.2	N/A	1
The Handmaid's Tale	Margaret Atwood	4.1	15,355	60
The Institute	Stephen King	4.5	N/A	1
Run Away	Harlan Coben	4.3	1,029	4
The Dressmaker's Gift	Fiona Valpy	4.8	N/A	1
Here To Stay	Mark Edwards	4.2	1,379	6
Broken Knight	L.J. Shen	4.8	1,641	3
The Secrets We Kept	Lara Prescott	3.9	N/A	1
What the Wind Knows	Amy Harmon	4.7	4,002	11
The Goldfinch	Donna Tartt	3.8	26,378	3
The Conception of Terror	A. K. Benedict, et al.	3.7	N/A	1
Lying Next to Me	Gregg Olsen	4.4	1,129	5
The Silent Patient	Alex Michaelides	4.4	3,425	31
Harry Potter and the Sorcerer's Stone	J.K. Rowling	4.7	15,382	96
A Better Man	Louise Penny	4.6	N/A	2
Butterfly in Frost	Sylvia Day	N/A	N/A	2
The Institute	Stephen King	4.5	N/A	2
The Testaments	Margaret Atwood	4.5	N/A	2
Where the Crawdads Sing	Delia Owens	4.8	21,937	54
The Handmaid's Tale	Margaret Atwood	4.1	15,355	61
The Goldfinch	Donna Tartt	3.8	26,378	4
Quantum	Patricia Cornwell	2.2	N/A	2
It	Stephen King	4.5	4,273	12
The Dressmaker's Gift	Fiona Valpy	4.8	N/A	2
Lying Next to Me	Gregg Olsen	4.4	1,129	6
Thin Air	Lisa Gray	4.3	1,859	14
The Silent Patient	Alex Michaelides	4.4	3,425	32
Dog Man: For Whom the Ball Rolls	Dav Pilkey	4.9	N/A	5
Harry Potter and the Sorcerer's Stone	J.K. Rowling	4.7	15,382	97
Broken Knight	L.J. Shen	4.8	1,641	4
Claiming Sarah	Susan Stoker	4.5	N/A	1
Guts	Raina Telgemeier	4.5	N/A	1
When We Believed in Mermaids	Barbara O'Neal	4.7	N/A	3
Butterfly in Frost	Sylvia Day	N/A	N/A	3
Here To Stay	Mark Edwards	4.2	1,379	7
Vendetta in Death	J. D. Robb	4.3	N/A	2
The Testaments	Margaret Atwood	4.5	N/A	3
The Institute	Stephen King	4.5	N/A	3
Where the Crawdads Sing	Delia Owens	4.8	21,937	55
Guts	Raina Telgemeier	4.5	N/A	2
The Handmaid's Tale	Margaret Atwood	4.1	15,355	62
Save Your Breath	Melinda Leigh	4.8	N/A	1
The Goldfinch	Donna Tartt	3.8	26,378	5
The Dressmaker's Gift	Fiona Valpy	4.8	N/A	3
The Silent Patient	Alex Michaelides	4.4	3,425	33
Thin Air	Lisa Gray	4.3	1,859	15
Quantum	Patricia Cornwell	2.2	N/A	3
Harry Potter and the Sorcerer's Stone	J.K. Rowling	4.7	15,382	98
Spring House	Mary Ellen Taylor	4.7	N/A	1
My Big Fat Fake Wedding	Lauren Landish	4.7	N/A	1
It	Stephen King	4.5	4,273	13
Dog Man: For Whom the Ball Rolls	Dav Pilkey	4.9	N/A	6
Land of Wolves	Craig Johnson	4.4	N/A	1
Lying Next to Me	Gregg Olsen	4.4	1,129	7
The Pillars of the Earth	Ken Follett	4.5	5,606	1
Broken Knight	L.J. Shen	4.8	1,641	5
